packet_size,packet_count,duration,bytes_sent,bytes_received,ports_scanned,syn_flag_count,urg_flag_count,latency,label
171.38070420139178,36.0805897016603,6.169375989636052,2475.355421834087,4299.012161367929,2,0.0,0,17.893379701720534,0
415.56543180299906,3.1187090809193156,0.2608505220686431,486.7476017567519,1029.8980041340649,0,0.0,0,10.605847692529988,3
830.0186806188274,74.25978243406152,6.040737223249483,44299.249004271216,6369.217558894364,26,0.0,2,178.9289349804184,1
575.7451476756685,7.872523603388541,0.1457457303371933,1653.4669934163367,3516.1852497140567,1,0.0,0,17.82425281578329,3
848.4549141814349,69.3479163382832,23.14169161485312,49098.75729753295,12134.881141497743,42,2.0,5,285.57037480566726,1
389.0474537298544,280.0495751261399,48.878020993947786,48240.60995693009,56041.06381249993,203,20.0,0,166.2295829946521,4
353.0135949776894,14.197059189323223,0.22844888968806903,1753.8563675350938,3078.643626154154,0,0.0,0,39.57885053204252,3
316.17669581479436,17.337229995191265,1.2544840053953727,1738.3977618402396,3721.138411304205,2,0.0,1,21.51302356421603,0
94.14189477736608,24.672442496757196,1.4252372292587456,884.9623569973461,1436.790799573936,2,0.0,1,31.682788314571734,0
284.90927495647713,22.425677203014317,9.112436001385547,1937.309791258699,4194.144494660358,2,1.0,1,36.666490083307295,0
698.7089544166244,10.365135119194466,2.3662344229088514,2074.2909766995963,5206.826806754708,0,0.0,0,14.100852234671088,3
1133.1929170490184,102.86232255719881,24.451125196514422,92466.38962703268,20087.651803614994,12,0.0,2,252.29520638613863,1
1074.743649656566,115.86608738552587,9.079447219328099,88844.1804786991,19127.178005105397,33,0.0,1,238.6320253975318,1
416.0246692282188,7.659225053521397,9.03905018771235,1370.6532089295754,2150.3451370189027,2,0.0,0,9.994526114606648,0
74.83724200575827,2000.9853010517477,3.747753422666812,146709.29502722845,2575.048361664836,2,2929.066680405952,0,94.00379492277719,2
525.8234607704848,36.61070486269875,14.386262926867726,13639.052942547565,4560.99269565834,21,0.0,5,108.02128415853383,1
222.60978919368796,347.6571898282336,80.24300114761957,40085.215220882696,33073.809469434425,230,15.0,0,82.47384490527861,4
343.4615741595552,236.0583512862957,104.71606003393507,36540.89461035194,42702.11207770883,260,51.0,0,200.50373211407242,4
79.89842920735452,4834.261338574786,3.9388320222947906,378489.9785517169,7761.058104264843,1,1479.1580761176992,1,64.58732803454802,2
45.31283362981863,1683.4407975458591,2.2444827230385895,73445.9356969624,2772.941740124849,1,3961.7176203307445,1,29.013735907789115,2
216.07444007162482,405.6946099826446,104.07533996784757,38178.76602772438,44392.55592347788,295,16.0,0,59.98078418217965,4
762.4361277167051,13.964892554179391,0.9349271227527006,3695.948847331853,8039.8460104760725,1,0.0,0,35.00822676064721,3
159.0483784833392,607.5963649398906,71.2707502758277,48820.172171723956,43542.16506181013,79,66.0,1,95.07877886336595,4
219.20408789195005,39.10307497089661,0.6367381419826807,2770.45074331377,4364.639766350776,0,1.0,1,49.077973787967885,0
203.86504110088907,523.1938652229662,54.427582905596516,59180.228690457094,55589.7388815882,225,95.0,1,171.62023737041835,4
76.80277336864305,42.033130079966874,2.492653002994973,1213.1979841885409,2242.6453800925733,0,0.0,1,46.31935998302488,0
469.31297837379833,40.216187293310206,1.033292982453995,8881.067677378449,10288.361767307562,0,0.0,1,13.374563803082479,0
396.3079057990732,125.14992553909998,63.11183915418627,28367.292897276693,24723.243506374587,159,67.0,0,208.8686687970876,4
1160.3667746221304,25.79645205543872,6.005734676255267,21037.24238784156,6386.928495253248,39,1.0,4,260.984643065694,1
772.2189811774967,3.307240406849643,0.8883532085541866,1010.9074917209335,1670.4733534576928,0,0.0,0,35.181125906136714,3
144.40373970152095,429.1484848149673,23.94706633770805,25783.964791241924,27153.66973314088,381,81.0,2,216.15217336264533,4
623.2152889960016,4.807808584483543,2.2130627387790107,986.2083207671743,2388.497223783033,1,0.0,0,32.9533453131955,3
677.4658665361192,4.952642752694253,2.6760924675693456,931.1356827870679,2399.82618197183,1,0.0,0,33.99221931138517,3
973.1676917469589,33.814567623011456,23.7959953898792,24157.458766646083,6234.939270560735,20,2.0,2,199.7038972666831,1
236.333995134072,102.3651927658886,89.18133429249491,13711.315478197057,11588.343741047547,249,51.0,2,175.65131876200087,4
555.2839742369226,108.72652491510601,20.542500433228604,50899.255494257566,9275.190749362528,12,0.0,5,226.72591674485946,1
525.4531610754998,420.92732710200664,12.639554038008033,110349.3173170421,92210.85615544043,347,87.0,0,162.74353590952356,4
252.3471784313131,50.02731036864827,24.453590679411544,10986.857996415052,2482.0949302971426,25,0.0,2,283.94091522230985,1
41.560211808841615,4222.819169924815,1.4326775502030373,173652.85737965163,6102.868492676819,2,3710.2429926065115,1,31.6281079267007,2
76.69263675938963,3569.278603902977,3.719243566405321,266168.3236158272,9580.176502725002,1,2559.717981569931,0,81.16957573588306,2
126.02072474761754,10.4623222740093,3.381113901892158,422.1859933349863,841.7534324504833,0,1.0,1,49.85135842338396,0
84.93451114916883,3372.451113298909,2.4892592310970607,275324.3218025549,6000.2996833905345,1,623.1462754429864,0,27.949630331189795,2
845.5958727498087,135.96765182726023,22.520568680749154,92171.08040950126,34304.279779376695,43,0.0,1,173.89388188266224,1
1148.916218188715,51.97996623988337,16.898431070264316,47565.76133260743,14367.18746288423,34,2.0,2,243.42288082245184,1
60.91943229820955,3890.588808244274,2.285404400758885,232031.49477284047,5070.845652787844,1,3086.1403951229304,0,35.49802018364636,2
40.969980007019586,1996.697988969466,3.8752329397966583,79689.64000454177,3816.7516026686803,2,559.7998844169556,0,81.03194104169171,2
1057.230937369791,119.40462355003356,6.107463192425083,105795.81475112392,36483.46531588947,33,1.0,0,91.82990856563634,1
292.09035702396403,36.48604590764188,4.403142372484716,4392.011366997726,7337.836744729931,2,0.0,0,40.09947471097449,0
744.5481213581197,14.913691115711664,0.3513678273374091,4135.673779848834,7529.630613807474,1,0.0,0,12.325942348275177,3
78.6887205401333,1631.3229047244922,4.057296000826815,124478.0959104725,3024.288777282013,1,4468.063877587343,1,77.75353234799287,2
219.1962210945049,102.93801258139564,30.685362846159947,9043.773653851693,12273.882131013084,260,60.0,0,189.7220444108857,4
99.46393378455832,1867.7729016293438,1.244687020663775,177645.87830191312,5141.151922543243,2,2972.1500987078284,0,49.597639033814204,2
893.8055569674118,91.85910784436581,8.05501478922281,60898.12215651451,13077.422703750752,33,0.0,5,156.2429271596405,1
435.506237422435,551.9797276219686,71.53423274880649,98357.08619526945,140961.32708480692,282,13.0,1,157.47128095457742,4
409.21156433152976,9.838319198977855,1.7198629229539717,1111.1692308055233,3110.6964398849573,1,0.0,0,32.59599105742688,3
270.5611563571572,236.83838445445204,26.51472304130281,26377.560959252285,36821.26138040483,113,74.0,0,220.31022340987346,4
396.33903295687276,350.88156708567163,12.272803675277475,58322.59801312275,63707.16905177748,184,27.0,2,116.93993890383369,4
1010.9351926726106,72.04636148917798,28.52028220817793,56904.81920145872,18526.632624977592,40,0.0,0,279.70747360303926,1
361.3949509521117,9.348934988985857,0.8832776816225721,940.8880458489618,2297.993122935051,0,0.0,0,13.033755645449748,3
83.50387958436863,3683.835604174209,1.0772736141373618,298410.89226173115,10315.02718249122,2,2203.474243532575,0,30.5359945416254,2
790.8636086908296,7.343553350472097,2.313832967479943,1277.4295201239524,4386.977799897082,1,0.0,0,12.055227020246573,3
127.54986375471174,25.224522584618196,6.084901525548676,1575.6067868777586,1771.1879997529236,1,1.0,1,6.650214212009434,0
74.6770959786499,2586.9104018735434,4.752215414215719,184707.12989058316,2007.9191143554756,1,1833.4713524662511,0,28.838963444231535,2
62.45677939716752,4997.265072758852,2.0720460020783893,300612.3619134485,11352.52819164898,1,746.1721365393474,1,24.27734679846388,2
554.5795646048293,10.759583894927848,1.8077592650885859,1881.1475574503365,3658.6113160892705,0,0.0,0,25.345250942969162,3
320.387578789089,142.00887185150697,7.073131813402318,37515.30678339638,6576.045705770134,27,1.0,0,115.2496322148314,1
360.541376487491,32.837512019683295,7.650808075797592,3927.3386419895173,8005.416318689199,1,0.0,0,44.55821661026592,0
544.3080333199593,28.02911021772596,22.56180098938828,12271.490936585587,2176.194856414561,33,2.0,1,163.22943357635708,1
1148.5203275139152,112.4508113786096,2.19030336041113,110137.15536784552,26194.150309210483,6,1.0,5,221.02546867977802,1
877.0378148820103,124.41757602173212,17.732554774762367,92552.1182305024,25356.188261211177,46,1.0,0,205.6668419053338,1
100.71110801123572,3130.742722855263,3.5549047289968785,311558.8346246019,4427.937333716696,1,2580.722946267039,1,96.76487171183403,2
74.24986942546997,1782.8310065551514,1.111399110331023,130018.77377849586,1427.1216824289156,2,2431.5777463943946,0,97.72105697264045,2
412.01421858640686,407.3662351003128,63.52710480583205,99346.69212212948,91731.16549882157,410,41.0,2,245.1153268871118,4
373.07223523168864,556.0332615503489,66.83440318658762,124127.2332304872,85242.37325172918,310,59.0,0,154.75019538370603,4
77.8855598859717,2645.009593915476,4.7197686409160164,198538.46160845814,9999.501349792525,1,500.9634980714659,1,62.18395957900672,2
193.37325152138325,37.329315341843085,9.563314712057885,3207.0217644928953,4854.984585849889,1,0.0,1,16.592324915017485,0
295.9469604679567,382.00601740507284,81.58507287597713,57136.93725895942,53687.98321635016,344,84.0,0,105.5057583970057,4
606.6952140318024,5.542905197522688,0.8951041867832531,748.9442826831958,2094.419334327777,0,0.0,0,16.89282024566579,3
727.4628282555357,5.284835160611538,1.0488556569038474,1181.8986400915949,2469.391904816563,0,0.0,0,24.497460821338738,3
143.61206942086136,617.1581028945903,54.18804867546741,43968.18964187844,52723.24143262382,489,10.0,0,216.5995484478836,4
314.32278465759134,263.7074205461634,15.901738041065983,40271.83987037248,46222.446524910534,254,85.0,1,128.2084584378938,4
552.1551859936367,653.0387140162857,35.19275872209825,172518.75388788982,163604.04884872778,173,95.0,1,67.49592115018561,4
705.8419498312235,11.704833868092306,1.723880817432168,2695.6309036910943,5357.090485913004,0,0.0,0,11.20058922217018,3
335.96752639315645,264.64349516841196,71.73792028739511,37801.611068130995,52457.43415274679,91,17.0,1,81.07407118736643,4
329.31789089565945,20.727786743906847,1.5839099564353671,2254.2924127572974,3720.6195770591776,1,0.0,0,35.76893475096691,0
711.5256408094931,139.40779895760576,27.315182493426143,72539.85258488644,17192.744086071725,15,0.0,2,292.9648778500625,1
628.1839398671729,102.16249709491673,22.331115261649835,49633.872647953795,8307.397670788157,15,1.0,3,243.9472433919836,1
699.9740741461912,14.751930466324815,2.8017232398989744,3587.062323816678,7628.799097853001,0,0.0,0,17.964196749929467,3
72.40817016376965,4847.97563946729,1.325710754827742,339601.16767342505,11315.065608720613,2,2900.810188370323,1,63.36896399042589,2
429.5310979126558,495.86647126710056,11.146995006682202,93915.53594153796,118261.67357024422,228,46.0,2,196.44351201057225,4
72.53004140399871,3243.2493671100688,1.9136358462697545,231207.80856167234,5133.7466592118235,1,3652.4757597808757,1,62.730784301748116,2
403.42051907178063,10.105601529430889,1.1373786183330399,1503.8571475682206,2815.6873195616286,0,0.0,0,28.312355822817132,3
915.3641152288897,55.24849293947645,23.289190199315854,42707.56969383913,5132.014154934076,17,2.0,4,166.00183390505572,1
394.0463957569786,629.4064467022756,55.46438175412213,120050.96472674457,103585.21952780464,463,20.0,0,233.02824725099734,4
89.62309220708678,2177.175095954963,1.3457830126935941,191296.25219240919,4402.367152158833,2,1869.062371158985,0,66.45853705221681,2
336.4496363545736,4.926191639730843,1.6475433305874236,562.1108530048589,1251.0240688109773,0,0.0,0,14.662033862170464,3
333.0710677801576,624.887498551797,29.515365897635988,83812.87235063092,100634.40269872431,226,31.0,0,228.0932515248782,4
65.90151805343729,4863.97797822985,4.647093127354798,316686.37458438874,13793.096646738055,1,4216.465410765302,0,98.3516055343344,2
721.8261282642488,5.394649015698926,0.38333931219311734,1258.4873986483558,2674.93592457437,0,0.0,0,30.119899480062983,3
329.11889135533914,4.030305295732834,0.4054064213604457,446.59333468398364,956.6381317402044,0,0.0,0,11.565549758990885,3
765.4218348415973,9.411650672775888,2.2290351637234287,2810.770993471234,4442.594179337028,0,0.0,0,29.99279842446739,3
306.7584271892994,410.00081670559337,19.04990797438271,72746.70853424218,72172.11762323433,89,21.0,0,197.42139608066068,4
572.1256886377869,12.455654216308252,1.6573263484794105,2719.3046879973544,4359.098141733383,1,0.0,0,30.784251815473016,3
726.5559121183622,7.199480953972161,2.2167428099978546,1601.9591306196594,4005.354081372559,0,0.0,0,31.381540088756488,3
183.2054833617879,7.536897349291721,8.714862574423005,638.7311691456924,966.4826779502583,1,0.0,0,31.331728954646238,0
112.23013176503967,2577.9385253900214,4.924524782846203,283640.413433057,8812.540363046666,2,1144.4000930256889,0,86.00693781822893,2
1145.3070402516369,139.21998133107573,18.33593402403455,126367.34518661666,42040.504310780685,11,1.0,1,174.35456566683624,1
65.3475954920264,3900.372495946169,1.4839990700482657,243855.91267333183,5768.39894316197,1,3760.7209278795563,1,45.67205547707274,2
117.48108455065585,2821.8846829174704,4.318089661153499,327872.2881862263,14898.06643059711,2,4209.691345931049,1,54.28735348495736,2
86.15738483746968,1608.6984075276714,1.7065721194818781,133253.24316230285,6685.403706532438,2,4012.4607879428054,1,83.5261918654836,2
276.795684286734,73.78178414830396,21.00884544128598,15262.934365526688,2385.192688119345,38,0.0,5,297.46790658709705,1
77.63786557417254,3111.2294542353197,4.998830551287324,237619.72018159457,5910.9025651145475,2,2313.4824224166296,0,73.3522083515297,2
86.93066503784131,4638.06926578021,1.7539521997545546,396029.02494101063,6138.566200041823,2,4243.820614914413,0,88.97312763179494,2
440.48861693975675,7.36838764930448,0.5043711487349245,978.4283463855317,2379.112036231797,1,0.0,0,17.60518566775044,3
433.0531991962499,10.73698980493921,4.274229260323489,2136.34124005315,2464.257738516663,2,1.0,1,39.734689126921026,0
102.28510780374077,3937.618570172988,3.2982980138920683,395868.9189012359,13092.422914531917,2,4244.585341728452,1,74.27187942419374,2
103.24823718158044,1534.1723580222047,2.2423080622031493,154381.8167662462,5961.89011952668,1,1651.5180133393783,1,47.39440570263229,2
588.768412861597,37.083609771184896,9.349580221216549,17821.57264759657,5319.412487325542,12,2.0,2,290.7903863569892,1
71.51077079532936,2193.522054245876,3.6303753289755085,154254.48950538546,5072.19013809099,1,2540.8637363136168,0,51.64839468045758,2
331.2125918412567,10.480501218580796,2.743580843631435,957.6865735658591,2664.641907752378,1,0.0,0,12.785352595918615,3
490.8441528744979,6.148299522079123,2.5732202622378844,736.414439999137,1919.5054707373424,1,0.0,0,30.633191066364446,3
720.0042494619995,9.563147942034377,1.0379393304344242,2088.0038932490297,5094.87091789183,1,0.0,0,14.027152572812307,3
138.3485179276591,7.927321684337578,9.514412603906665,540.8281049708544,725.6858461727809,0,1.0,0,15.390222152996705,0
610.5667034241658,4.135427628368111,2.553345748093438,915.246730509332,1755.5923243841426,0,0.0,0,26.116166691588994,3
274.07490721044775,149.0681771186568,13.421038629845333,30947.507547502875,8644.109973935625,45,2.0,3,178.9083376424577,1
1182.739540910386,52.49647581294786,4.054193888868875,51697.66511279619,13602.184596356312,33,0.0,4,252.71406263021487,1
502.56303666843,13.342766719000364,1.6216518694285709,1370.9565809973603,4984.545100096402,1,0.0,0,26.7818573391541,3
212.78405284500417,22.108802845363567,4.288816418520555,1957.1928587446628,2854.256372479777,2,0.0,1,29.723640729370402,0
362.53798746870785,107.83077024777162,3.06641641678094,32212.180579544234,9368.174443888453,8,0.0,5,160.0019789622789,1
459.22184038054246,33.090709816129646,1.6105313867294586,7415.126401565309,9505.715715542605,1,1.0,1,40.73113351716332,0
471.4917028401134,33.72217672295076,5.4086144455523835,6859.496042107759,9335.279252093755,0,0.0,0,16.147894527552086,0
1116.7560031187468,124.10635298176754,14.63164195433956,116939.40298107425,30109.69085870146,12,1.0,0,182.065977960076,1
115.80461149287936,10.288681104969719,6.667497870102604,535.2220363062837,734.7524194076769,1,0.0,0,26.497170089610247,0
385.0712785686193,34.87120374298123,5.008993319623232,6295.456810448526,8877.640995191681,2,0.0,1,14.26285445165457,0
182.5743560549872,769.6620618969494,34.629894469522576,69072.8611936885,59432.77433087482,417,10.0,2,120.6346924419411,4
454.7013848596656,142.98460819878517,111.0828217421547,27060.341733448444,37893.92506839918,340,32.0,0,248.0768355396438,4
40.14496270954013,1895.2723442257152,2.3617643203976737,75297.34828589388,2354.216214634708,1,4244.5022861605385,1,39.72769188011906,2
584.8539252849666,5.978769576810286,0.7316174338376226,928.1658831026349,2537.55696901556,1,0.0,0,38.91325546621685,3
62.22935201151153,4986.690434211168,4.5730665450683095,301175.0494618933,13347.684144720179,2,852.506278002231,1,85.6831459396114,2
95.92849643197582,4687.156932434104,2.4935142381473603,443375.2392721781,20997.023165724935,1,3769.0370759500915,0,46.03200348429626,2
545.2645520570532,42.458378312007284,19.415462122628476,20289.465835703053,6755.866050067816,24,0.0,2,169.49022468584116,1
773.9291361229822,65.60109099134058,25.31542489778376,40549.52739422142,14333.888781996802,9,2.0,4,296.49968207263316,1
619.361704408503,8.919053019797072,2.3283905750306992,1942.2117630501805,3997.0975352361925,1,0.0,0,38.51325407645032,3
324.77710640489187,6.502262080387155,3.955084685183332,942.9695054229323,1402.3852563789424,0,1.0,1,32.68841112814109,0
90.45089524237204,1318.078853185995,2.9521528971269997,113998.63577467928,2954.9891034713646,1,4144.06279991688,0,61.447295617671934,2
404.3712667141949,14.275460075522162,0.15598280848181328,2269.075013406369,3635.876947806947,1,0.0,0,27.249118821901654,3
426.20479253515293,3.4850336259483816,0.5086089504120657,550.6315528337473,1066.0933795647538,1,0.0,0,23.617988852289713,3
97.51186482040728,27.528092063168803,8.047897672662113,1184.9033287759842,1369.1222891533403,1,1.0,0,35.00844894564205,0
209.54335306722663,29.789186367801065,12.523869025095419,5393.87681307952,633.1289545205129,36,1.0,0,119.41606202383319,1
759.1366564629684,85.36184744006847,6.044221556342173,51090.208936969044,10810.214401927393,17,0.0,3,144.81273324690034,1
314.51939132988724,2.5265089242649537,1.8767387362444903,287.0403117850799,546.3598873911727,1,0.0,0,31.78677375610831,3
74.77258544408673,2323.179979124173,1.7146512213564118,170342.50599073994,7200.785629458409,2,1620.536475101519,1,38.634694338038884,2
511.57173958222893,129.93495789605453,9.2688919438374,46551.58916344497,11651.244987183656,41,0.0,4,269.6567513668514,1
96.87437093983067,2215.2285029454706,3.037930951375658,210282.63356450739,6116.611165456844,1,640.2597960748749,0,29.369858073974097,2
90.20049233614131,4137.6324664728145,3.5925869721959116,365725.39055134816,17257.137124804114,2,2512.876828731848,1,29.317416661398575,2
469.439446303655,56.077964637311034,28.135567556656735,22237.085792883383,5671.432805446782,25,0.0,1,230.70133906589933,1
996.4843893295807,118.37855173210068,21.05562852981484,86491.78211184066,13190.690529916015,10,2.0,4,288.7757467503403,1
480.89983993152816,4.219743424875057,2.613681970820297,565.8615662043584,1592.9323300333972,0,0.0,0,30.047783116245235,3
625.1827802477228,11.840931873365522,2.2736271655429383,2235.443040360322,5642.107839253923,0,0.0,0,16.789128584537035,3
282.8938930809629,10.612132561012572,4.161070888949937,1286.9225338309855,1969.6225503074559,1,0.0,1,22.61865641800232,0
349.95719393342995,541.8905796488114,25.183400671630025,77321.81603268933,81047.75829671687,141,61.0,2,200.61152198298188,4
46.770175641607224,4777.028158582605,3.0691470710717064,212916.20768933708,9531.877296157787,1,1494.7672378845405,0,50.275806911770594,2
410.412457938908,4.001445234773948,2.7384325539555525,636.6441304928087,989.4672228580514,1,0.0,0,38.257316345544396,3
487.078396248583,429.28533362676666,42.47510745110102,114553.66453439071,117018.3574491048,438,69.0,1,148.95536869473244,4
270.101480267442,132.39037440567085,15.987860974526118,28167.29252963933,7945.7808153475635,10,1.0,3,140.70422554901384,1
304.8959360452682,9.236835955656407,3.764800329786479,1003.9626683769525,1628.2164798831936,2,1.0,0,34.555104712593234,0
311.5261971460074,467.5614918303855,70.87893151424689,69596.14022560626,87342.09261034311,57,51.0,0,165.5315992132014,4
313.60125435773784,9.191385399350484,0.713352785681383,741.9392698428579,2254.332138472061,1,0.0,0,12.684351489472522,3
513.7155355801071,3.4741782554838134,1.357808481673447,520.1800568693421,1267.5019616627962,0,0.0,0,35.26325866387826,3
104.94504855566228,3967.3308549146386,3.9479852469080896,398498.9055392359,17897.81569188588,2,2520.112184595068,0,42.81759919124047,2
109.3981618796778,2150.2001577017727,2.332348525353908,227479.96640371124,3662.938408628596,1,1764.4195517635826,1,59.87158445894107,2
118.19400333515372,2126.7174178981,2.922680449220307,243301.40280411247,3728.0434285510028,1,2863.0148854122594,1,24.428842423024093,2
328.32628085942616,39.416441040634794,2.160966958973919,5183.223148476087,7502.582552339322,0,0.0,0,10.479286000637366,0
218.91032363824593,400.29657744811516,23.432388350259338,43058.032584491346,37388.556099489324,233,61.0,1,160.66855496283364,4
336.4895303542588,21.99766763480762,8.447365726277162,3090.259991277085,4136.295277904047,2,0.0,1,28.597562119741102,0
405.9907603996307,6.422928139791096,1.0225843408671234,1020.3877132888003,1976.1153598239016,1,0.0,0,14.078439441166047,3
240.85823766660545,247.20665873865465,24.990503535624846,24108.41977064456,34959.6568819334,254,86.0,2,77.90009429255873,4
308.66298587784854,9.473837646692381,0.716002724317324,706.6834766741289,1827.8623443777808,0,0.0,0,37.91686081106718,3
81.15837137048246,3853.8294417361762,4.704832697602734,298238.4217901632,15067.649317512265,1,2091.812224805334,1,42.428902392240644,2
593.6577745993143,654.4134455580946,119.27042509702979,230635.37193196185,193436.04225842335,81,67.0,1,211.80370845333948,4
814.4994602551925,136.0209822137615,4.201547907713225,84884.65591315203,16580.406799953475,28,2.0,5,241.17479383288773,1
116.52566859617278,4373.916676502056,3.75349551754369,490201.2954931912,23718.43279572248,2,1295.6672549488987,0,92.64323511471757,2
584.1139078333307,7.179527193613027,2.9357929380547088,1264.439531042556,2979.401833987007,0,0.0,0,15.979715768517213,3
69.60714240559767,1073.3535560425996,1.510492744951013,73231.45775742368,2156.339229877324,2,4253.87284946325,1,95.30532098622997,2
472.1176292186194,732.3387095947562,10.933461329178732,153283.72228100555,195499.9699745592,142,78.0,1,71.93276592668838,4
273.9437452594718,10.278868503307752,1.6892650259242292,1230.8368188625775,1650.2496663209736,1,1.0,0,12.237146108518553,0
460.7941321120245,2.252657017369926,0.42104649753888157,376.1458021803741,794.9947703355964,0,0.0,0,11.632303832505338,3
384.36397082407996,416.14567927825647,57.84550169863385,67562.60909807187,68492.7815380811,240,25.0,0,112.25995456380178,4
232.03292674098637,35.67261510377554,3.73593340991028,2914.7316458156142,4959.772998685559,1,0.0,1,33.302428105094776,0
657.3384354627104,6.991481642125921,2.3356053725245274,1050.4182240583104,2945.869881010677,1,0.0,0,19.857764890841644,3
454.031017798986,147.67757397669956,29.524559946138037,59339.11718348581,17240.87452573556,15,1.0,0,227.38976798902797,1
388.6322464240748,86.02666408043952,16.800357640248386,28823.05584528397,8261.367445182072,39,0.0,0,144.3877180670733,1
169.57741725911188,780.9690030291503,58.7609294069407,78082.4677526242,56540.58568207288,498,88.0,1,65.76133960908149,4
870.7650254430357,126.76372464846992,8.850341528931965,86567.7502801697,29556.596871517606,15,0.0,4,227.76525081953773,1
72.61921975437755,4324.145253090743,3.644001195283412,303274.0363028386,12487.426156736023,2,1915.623305027435,1,44.09646507299701,2
1161.612758433283,120.76063404408549,19.414228545187857,115217.7939781995,37859.943036974546,44,0.0,2,191.95475613833406,1
88.30991294609521,3939.931886519582,1.4419345118722595,342536.5384936414,15158.727338693405,1,3812.173143097009,1,74.93402558185052,2
220.4760213184714,412.51169054273464,23.497626927103774,37058.0635414067,42210.98940413705,437,80.0,2,176.38659257028888,4
718.3654633353207,29.47679874331515,19.55132132362188,15894.883084416586,5521.171541638861,7,0.0,3,190.41129682539082,1
246.4942686313032,135.15117544456484,101.30183374122646,19364.06593882191,14073.692394848578,365,79.0,2,196.5865244035045,4
1047.640329509255,120.3040643872574,26.664679865692626,108535.29746312936,27791.08986165492,29,1.0,5,133.9614470943608,1
379.06632285968226,13.187858374546224,1.3978724828521953,1916.6662885532942,3467.226956981131,0,0.0,0,29.90670758675683,3
421.7819781923186,61.28209538303523,9.262875220809494,18546.1848180105,3049.5936681041644,40,1.0,4,217.82054432892397,1
479.4453073189026,121.72501876943817,26.82207074597327,45505.33650488577,15908.163479678227,33,0.0,1,156.02750889157886,1
117.5307238929409,44.43998341438822,6.607792854335406,2302.2700878315136,3562.7810947827566,0,1.0,0,16.67405450440816,0
884.2090751884866,134.7173548751856,7.698311033292821,104189.47512140247,13335.5869702784,23,1.0,5,192.65948687370604,1
80.38998520762456,4548.426050074682,2.432579124783222,352903.4994766843,9772.023323217072,2,1560.1396725621898,0,54.67590295093758,2
85.95239375863801,7.374436603682118,7.07410693149322,248.20684607957742,345.64140757403015,2,0.0,0,11.204837121020468,0
167.44060214860482,19.642986417167048,7.591668348621229,1414.0429122211592,2203.141581594509,0,1.0,0,29.41431037497047,0
80.973464009991,6.620846823114188,2.16460683500536,253.7712245993157,298.3445508079291,0,1.0,0,37.3621953625056,0
503.9676855271482,8.464191242464324,0.2172726105167179,1614.8097252746136,3411.095457712745,1,0.0,0,26.79360571214176,3
265.6965438482581,786.000290919532,45.166525533287555,114617.8265817187,105754.58059670417,308,18.0,2,152.4388953519212,4
59.06302211584545,4500.488229405801,4.471857786728632,259230.60566961436,7687.09342854654,1,3661.629903531952,0,47.41608234910486,2
360.7133491909857,147.17451025883162,6.4385665527674645,42337.187373568726,9174.858984834458,6,0.0,0,174.669614169326,1
93.85285862242114,4988.818031402717,4.120767717872127,450245.93757106044,9885.316671028142,2,4472.683158393331,1,62.01547667630586,2
511.3267295251846,295.10890470898687,67.4907776444264,70769.58208548966,63521.751451636825,211,11.0,0,65.69848489338128,4
300.07887228902837,11.337093934756695,0.42218190565337244,846.3136866220472,2243.8898060343367,1,0.0,0,29.335444733043893,3
513.4884386104736,106.69319899533477,97.77414479816647,28175.73436421118,32719.11389629817,93,36.0,2,162.78922565377553,4
467.09835576842454,8.733544364578057,0.7566869101012872,1288.5006844693455,2919.8030708161136,1,0.0,0,23.905344410756527,3
252.66990330459123,25.596482232168228,2.4843858780490553,2417.1580339395186,3712.080884457324,2,0.0,0,23.742699435674552,0
457.15235110909583,113.52046022472663,2.787402175781865,40222.84792169327,11694.831096551703,48,2.0,2,223.50184482005818,1
387.8123906644191,10.562092616520227,2.928771040575355,1533.70404011778,3163.6842519339584,0,0.0,0,27.440176507968957,3
419.3204012113821,75.75536607552738,20.263392166425565,26855.61589192287,3181.1313635008823,10,1.0,0,131.38769552891904,1
855.8207673273928,89.84583757684496,20.95947937751179,64322.73455216337,17358.108200295082,43,0.0,5,117.88344547319927,1
205.44370919169057,24.57270209910756,27.531004621828796,4316.63767660572,959.8912219502067,31,0.0,5,249.8596952538827,1
379.4161587774087,223.55085576263895,77.13979462540973,38397.83766722528,37845.52409042896,90,94.0,0,98.94689544699611,4
98.54986024501761,2535.1650236273895,4.779868254560304,242163.10478102963,8206.888542706436,1,2514.2802976142198,0,16.768182588652223,2
779.0435937937114,4.8179302841352,0.24158392158357295,970.2286488232145,2842.26953318607,1,0.0,0,26.71657134790132,3
736.9990058065416,13.534783023105282,0.13180115656369704,3763.205897501921,6526.690597238485,0,0.0,0,14.398924450827447,3
794.3802029471308,9.72010674117541,1.258260875157055,2834.608758877974,5760.014871551845,1,0.0,0,20.648980929584653,3
508.9109264185598,4.1554810683938,0.5465651718046247,722.1777830733334,1681.1031544982463,0,0.0,0,28.041286343294814,3
563.5060564625403,378.8643729616014,45.10048738602868,123276.55683899781,87499.60827748304,362,10.0,2,52.12148467406388,4
286.96702025593305,59.41857189975257,29.063636302655233,15157.492700555831,2847.130418705339,17,0.0,0,81.36044098099727,1
422.1022365939744,7.599169312079267,1.4727030546900932,1118.9622840836853,2415.3866434482898,1,0.0,0,34.748407883816725,3
135.29640844706992,22.598669149329233,9.709417062185231,1075.1051946879747,1930.356321758921,2,0.0,1,31.94212910450484,0
474.1203638192007,127.59777532156534,22.7162991448113,51894.34880178799,7490.7809267306,7,0.0,5,126.5840896515323,1
386.0832937167829,5.618549930510536,2.859574473513102,743.7877994645427,1202.1022796617985,1,1.0,0,25.652323246856916,0
50.92988344790017,2390.5403479048055,4.860562802950744,118047.30835132314,1761.1735095358488,2,4497.340491324461,0,99.7793399513117,2
683.0399995591106,7.788832040877735,1.1034069976196017,1544.1068863412354,3988.5296119178042,1,0.0,0,10.448739837803064,3
368.7416892205001,21.57562462074581,4.607289150831799,2436.3130721092784,4390.94547258496,1,0.0,0,44.98088494653143,0
62.341222243279184,2471.9403087471464,1.3105275409991806,150796.47848147573,1563.090327459454,1,1442.7484573228378,0,68.07876250038551,2
977.7174890725506,49.359152189040955,6.928693141151746,42142.27392849485,9113.132477003322,47,2.0,2,144.66168731108542,1
545.5583372266881,176.91737881464073,14.341431938176882,50241.9916751601,40989.72155058463,87,96.0,0,222.00335058190907,4
69.01071835797828,23.394976755310942,9.278255269044461,520.4775895417326,974.0059397054431,0,1.0,1,34.88987232450357,0
271.0505329687113,22.21368261098037,1.6383755191676403,2979.404143593761,3034.6311154623345,0,0.0,1,28.4431089772419,0
258.91621709960145,25.716122204086684,8.713354290465364,2725.448197381274,3835.726338553252,1,0.0,1,26.558152839650806,0
85.53207845236571,4712.42435791235,3.1210529025533944,388611.0640731969,16882.79798045875,2,1897.8964781305021,1,75.09065127449811,2
86.97062412673607,1266.7292014520983,4.318674721060381,107138.06700077238,4057.833794684104,2,1832.9669622029105,0,52.33344106463799,2
959.8236584283884,64.04705271496496,28.657748505892076,52104.369613763556,13492.64593377128,47,0.0,4,136.55379228162593,1
281.32079873306895,8.911412963934065,5.602512147276204,1046.327867947338,1627.241161893497,0,1.0,0,22.04476816780802,0
768.4686825163367,2.014672092850776,2.693289705943032,405.95532653265917,1025.3796617127673,0,0.0,0,16.345615532326825,3
502.2582015575658,5.789680158476594,0.7797766587839511,891.2843944285833,1811.19354959554,1,0.0,0,29.144651964604922,3
101.59938249749632,4467.056009165375,3.076906976758111,449188.6567814172,4748.583078485985,2,2732.53663251286,1,52.23609198437346,2
364.3004677937553,45.39846049293764,7.579205206011337,5214.447004637292,11232.688626028164,1,0.0,0,19.76807672589254,0
535.9569943793183,780.8394189774932,93.95712308655904,218321.83793113302,197984.41851589998,213,34.0,2,248.98999722438836,4
497.25292393737084,652.9836060432602,114.7862047917478,189413.71922610677,135172.728272106,76,97.0,2,205.89766929430675,4
1077.749404862625,46.51929846922036,25.141009065781123,40687.37472339489,5561.204653605285,32,0.0,4,143.99290793094815,1
1068.409523946934,140.44029373430402,13.749566718590689,106552.58074621626,16186.905919252662,22,2.0,4,240.8546157800818,1
362.54279123349136,12.31776227052011,9.153808252691503,2074.358305922094,3081.1652754810752,0,0.0,0,23.82093663307785,0
87.52971731993506,4204.032972791663,2.588829217227589,352702.0337920649,17092.354961059722,2,1191.1586075298528,1,10.584551439933085,2
512.3187031951754,3.762033170180878,1.305867596526156,442.81882420188686,1409.5968761164988,0,0.0,0,12.426092374963181,3
348.0624875257874,19.666645877843372,6.107507419413413,2646.7005139085923,4770.231562792919,0,1.0,0,8.26010995075515,0
66.31667539139883,41.202258909432004,7.841690946258205,1119.418805285695,1402.5192508702646,0,1.0,1,40.18819897210816,0
204.02332713313461,713.2978492788051,67.83677278891011,84095.32892579389,67811.68943208091,330,68.0,1,99.52347981218887,4
243.90312260999994,36.30281659235631,0.5305735042406474,3753.5257867575087,5056.718515786804,0,0.0,1,23.10472061089502,0
68.35074662308392,37.55496480597104,5.588737693801996,1199.3207244594412,1705.140923394573,0,0.0,1,20.013277812658956,0
691.9582548396014,13.663653702113288,1.3724104398897263,2333.558619932287,6451.614068872428,0,0.0,0,17.515253076575043,3
87.97635307264801,4105.947525262667,3.9966312927061267,347915.45135521353,12438.611738888496,1,2674.382299645168,1,49.21609211589769,2
487.9419773978369,14.06051963717905,0.37392544867928557,1880.9401393466096,5089.217481421812,1,0.0,0,17.354618383142306,3
601.252583203728,131.16019017605947,14.093718872083207,61291.86974784479,18765.995221495476,10,2.0,4,218.1509217754397,1
68.39960328306829,1290.1880519466076,3.6928169840632377,86748.80999530715,1958.6875298331627,1,1866.8475173667534,1,69.56116424330688,2
41.484666921882045,3796.8347101495083,3.5791744098429983,152223.17177521033,4887.145560879554,1,4269.37403068543,0,69.20955418028782,2
295.23451566551967,5.803785161524372,8.069579364708261,614.8533629024374,1169.2209932036378,1,0.0,1,40.84417809392794,0
620.2496018075419,93.07441474101984,2.1642123808405165,41317.02310533157,15947.83124766163,25,1.0,5,282.40839610399155,1
1039.0996987996116,91.58585970075336,6.288046002350773,80475.29544699394,20941.489811363917,16,1.0,3,172.0240444405669,1
301.66601032166506,49.12325699004977,2.6603902106831,5642.939925300507,9017.385864619639,2,1.0,0,29.459219780419073,0
574.9942079329765,7.374415477260813,0.31077825193835174,1453.6594538900472,3140.1998164806128,0,0.0,0,34.62347347518711,3
135.86355845118825,12.67618602006905,9.507029041628702,670.0329194449878,1132.8159292777348,2,1.0,0,28.05636998956058,0
583.0060480638027,762.9219778463993,85.21083656035694,248886.9186040448,193609.75091108072,399,28.0,2,106.66742785506207,4
380.5886880153258,39.06865409191052,4.089580218119972,5177.6686490032,8044.3113003290655,0,0.0,0,32.2778585502896,0
62.572446722891144,1933.006765065568,3.936294124023512,115054.20864062363,4196.887579914566,2,915.3575444437104,0,93.84084820071266,2
488.4311764180559,702.5037940134974,107.8148162293383,158117.0055506821,182592.83398676894,175,90.0,2,151.16663593132046,4
66.97759279281809,1056.8086246830587,1.6136703176435496,68435.73474920054,901.7769276118001,1,2126.271231621964,1,79.04513263099167,2
86.42165467913316,27.336481124055634,6.170007064710448,866.6670068527069,1545.4824211167381,0,0.0,0,20.819307251039845,0
327.26983033757534,12.94873104273338,1.9796873420406762,1189.9713445099749,2556.3418325787375,1,0.0,0,34.85499136432807,3
562.8317881604457,198.7252076546415,116.55695014180166,56030.43228010226,54953.735399084864,191,23.0,0,124.13261358264424,4
510.85511431276706,131.16319598811995,115.17822522770977,32486.352744373264,30687.06786274328,426,96.0,1,179.02113531727838,4
128.4739743492241,362.0278952289977,61.02038906444294,24270.646661602997,18664.832046930016,237,81.0,2,62.2695115925292,4
49.31222809325967,1817.8215256775875,1.337168753749654,87381.99413197288,1424.7612652852777,1,1887.0402876802746,1,80.38810131612489,2
577.1893001104465,247.67850279818956,65.43219084966685,76641.02049511236,64258.42040508051,274,64.0,0,243.57752998688372,4
434.8729037128196,758.8551445667034,91.3269815485601,167715.60813734084,193555.97259907806,99,23.0,1,169.21970553401917,4
900.4317991565039,120.15813873961866,11.444479421089618,96110.57890203396,22281.817621880746,28,0.0,4,248.63600956875797,1
757.1043948404059,8.57806935197019,1.6767341169702608,1911.5280593169334,4245.975882185575,0,0.0,0,38.99435365393557,3
1091.1400917935093,79.8461985075275,21.870797618126684,78127.22911958309,9586.628143380838,12,0.0,3,291.51119889320057,1
102.6844813313941,3300.3454455404612,1.4606556476181023,327613.3051683793,6954.808533264494,1,2807.043389743697,0,90.02671298567886,2
74.90411390664141,4849.211932697106,4.33655464209434,352179.55477401346,14711.683080423501,2,1769.0208657988,0,90.29376251829648,2
305.40528595616695,91.99704728238433,16.363421794985406,21248.69425904527,7429.965898102527,33,1.0,2,94.8730448839243,1
101.47583203676942,1821.087763215207,3.848752774696458,179842.22519987592,3118.305166043196,2,855.7180910200955,0,47.65372345970627,2
502.9438763023627,2.404764593097404,2.9054647276821663,480.47944872273564,858.5640443647317,1,0.0,0,19.508358659067564,3
380.5776755232067,31.68333073664697,1.4710203101393962,5833.043455849224,7934.347294250578,0,1.0,0,11.86425693114176,0
508.958842415719,5.196673135844254,1.4824646023847612,1015.8886504480452,1969.9077921110324,1,0.0,0,26.436124319116594,3
75.85824116208713,2786.4076044266235,2.830582464134161,202990.5041799136,8163.717066358489,1,4137.060173821363,0,85.17758147726052,2
76.988448074773,2650.6797760141644,2.0257760698527525,193950.34553682053,4283.794124242043,1,2254.621525401498,0,38.71674750886536,2
282.11394057310554,218.02476440266003,93.30759587398065,25225.72272287585,31411.861351698273,420,63.0,2,221.4877116939676,4
505.76060971711047,9.810951536256884,0.5648510740804032,1201.4001778981503,3257.9314308415064,1,0.0,0,25.728579501242535,3
114.97866148907067,35.69689227027357,9.524046848337722,1343.8477382285328,2654.617626164772,0,0.0,1,10.246238355006351,0
90.86996218648056,4751.012062045935,1.5140159140048386,411653.146790058,18795.768387992044,2,1455.946351022706,0,81.90684122803711,2
302.9050883420006,114.91692441093524,12.842889349697298,29827.107789773658,6912.329701158766,26,2.0,2,135.47167028456758,1
382.99842131064315,10.746037824010951,2.8751562675529945,1712.5854571369032,2771.6188168954404,0,1.0,0,35.59301509551106,0
520.4012861402149,41.3572896254132,23.92852006586352,15592.959969970212,4885.180000140478,23,0.0,3,84.56676706727212,1
240.37394011020717,8.075894013948137,7.945718503599019,693.3151208309773,1138.637628337648,2,1.0,0,8.244999181824584,0
628.4111532571051,10.499460571996298,0.37530282774029244,1740.351077524861,5268.900497127359,1,0.0,0,35.81575678216111,3
380.02438010508945,31.69753917395804,6.677794765797812,4768.414537609829,7506.344526972815,2,0.0,1,20.160310629699808,0
540.7655240210031,740.694585238984,40.401727984748945,190440.60114087275,213103.45500232943,343,27.0,1,61.88841765818329,4
466.2322395887258,353.03258773795704,86.23826242675356,66309.74853529574,76525.14834268978,217,52.0,0,193.85756003045606,4
418.4666745858725,6.6193699416169745,0.8440623553711355,701.6151260375458,1885.9127249518779,0,0.0,0,10.71418129775029,3
523.7308256104236,119.47519838807096,6.008518018713404,52032.02501856155,14286.238434308088,34,2.0,0,93.73489200111167,1
304.9898629432834,686.9378833960769,30.369353272956502,107052.53294338587,114066.5229483987,403,94.0,2,151.7480578860284,4
155.4911097573945,42.130880044975186,5.442817480727213,2454.6021854183073,3435.826118316162,0,0.0,0,8.987019335582776,0
173.10959318491672,6.747563049324044,3.381022389395617,475.89011631462284,660.3441128743932,0,1.0,1,48.43633236758464,0
73.30795990371453,4331.928298793751,4.9486713585208175,305725.4990771198,9932.8650180068,1,1147.5824402094336,1,53.07253591894962,2
548.9155398007097,204.71835930329087,100.85710365418356,51496.15475410701,63121.90055006253,224,22.0,2,123.01013082110617,4
480.52782185540093,126.66097212691095,18.360952489355853,48795.099768128595,9962.871916293816,10,0.0,4,242.15397388171854,1
467.7790991339585,670.0964969554063,13.540284353694238,128375.35366900628,174870.39863364206,199,18.0,0,230.12545891897946,4
108.37715806249602,11.87866126329494,2.836598419652827,427.5841190234444,691.7241396654559,1,1.0,0,7.504407021063891,0
399.73083789332844,296.73805982167295,41.59924140909227,49267.28404437711,54805.936022524606,167,90.0,2,63.333110255164655,4
858.0549838612208,21.047683434475573,28.40889504291598,13498.617884247056,2194.7109018103833,33,2.0,5,135.25723886064827,1
237.08394144438756,25.124114322717606,6.205646166925864,2401.2885972012396,4073.5381042334843,2,0.0,1,30.495891297713836,0
420.944227337931,10.780192314193611,3.191758008523025,1378.0823978101619,2661.219471007301,1,0.0,1,33.467985191027665,0
48.537108799501496,4692.83534348876,4.220045196326895,218484.15464885923,4610.024283757221,2,1986.0783009742931,1,62.615980802201825,2
705.3328867417563,7.354667218707446,2.264615775247904,1456.6778892370173,3816.2804358515978,1,0.0,0,14.751190615876006,3
635.201445508182,3.646560056937402,1.1047087912948752,620.3407995153615,1651.8149260211926,0,0.0,0,28.735540460930416,3
797.9955254730526,8.606044985281919,1.1010916900153744,1628.8562537171338,4127.143875523195,0,0.0,0,12.986441155266462,3
527.8790022002651,712.3337666470227,73.93882422612222,189858.86053913904,211811.55968275192,95,37.0,2,163.4878502528946,4
474.9500296991307,6.927689980360096,4.74067545750035,1033.1585716412715,2125.034452916726,2,0.0,1,21.851617998560762,0
71.57758852086913,19.540879568162534,9.744428606668292,581.8860343083082,770.4607451039545,2,1.0,0,35.008891589574695,0
322.20123280301516,12.353663376558575,1.249778743297824,918.410563983787,3074.848169690145,1,0.0,0,26.880003419689995,3
168.70774991323407,145.8369672811534,105.86962154013534,13437.305608150737,11403.870125454398,87,87.0,1,55.2677403497104,4
80.5715106112308,4145.171570385111,4.526890094065042,328488.0143419092,11117.359936490106,2,2636.110921538871,1,73.89145412016472,2
455.0177923011007,615.9130455205021,21.50818356042619,150968.67069730122,122287.5603779006,60,47.0,2,227.88122342031295,4
459.19954026669444,12.374646070121699,6.606779690601655,2625.124590142411,3917.917669281326,1,1.0,1,26.149472067107148,0
756.6228097441581,5.015589878051216,0.4513018641618143,763.6022672881302,2662.403938810491,1,0.0,0,11.27573900557278,3
113.83440624804852,4536.301185240739,2.80835404135589,508273.5315051329,6163.511985671479,2,1508.8096086373234,0,53.505286001391376,2
97.38108202863417,4058.4749360544733,1.6716127864083554,382090.14281788364,11620.303924473495,1,4280.470029370184,1,36.17127497996628,2
696.6148391366611,3.951997374390378,2.0132214435561955,728.7671271260459,1839.67923604435,0,0.0,0,35.941418886259065,3
367.7498577111868,111.50524055262902,37.6444254597988,23961.92035508632,23997.235801373692,239,81.0,2,199.74261940500918,4
743.8546158761549,5.281817754928174,1.1838849192265644,1450.603739384478,2842.810159022413,0,0.0,0,30.482707742005598,3
1191.5327758273866,47.081000701107335,11.95230144619373,46777.4329901238,11037.98026765563,27,1.0,4,210.6317390275595,1
499.46888543637294,4.200531805410618,1.580941267066045,594.4438131645395,1350.7826828625196,1,0.0,0,15.645525075038368,3
375.6804756959717,3.3428150781843606,1.7612903796937647,352.01333205338767,861.2730199150839,0,0.0,0,18.270576907081008,3
495.4379245179142,3.1662033687152036,1.9141136751952181,469.0960231615921,1027.5250804782543,1,0.0,0,23.15286676033542,3
573.1584728068287,781.0776314598917,114.69443801739361,179758.43026855506,245426.51534763188,270,68.0,1,238.6998459407854,4
470.3642540023676,9.612937759580566,9.403670628746285,1978.5410704250978,2322.137318148581,2,1.0,0,39.6942931639461,0
68.6806104956267,1473.3813348715116,4.985802020400357,99319.65337257966,2666.3921436214446,2,3340.9733677090367,1,81.097728361285,2
116.21323424786932,2544.5455941142854,4.147712423586647,288256.7773120907,3935.7219686373037,2,3496.868660363593,0,27.902562356374013,2
42.278704843941725,4536.588851942887,3.9925810764125647,189823.6208168011,4962.223473163915,2,1379.202847847695,0,20.42624373376046,2
83.08667086833627,2001.7736070144147,4.564220775367284,160220.63052220788,2644.6577716259935,1,3998.8079373068485,0,48.057047071017536,2
390.84819863991515,10.85388080587844,7.703500361325714,1293.5265489428289,2139.8804741119498,1,0.0,0,41.845353951069214,0
810.9594994322547,25.216200633931233,27.240511227074627,16594.33186738846,5596.8806460091255,16,2.0,2,215.1171470701564,1
206.46435778971056,84.51109884710581,9.997527679742806,14777.537782545149,1828.4183993496724,18,1.0,2,118.3700387645299,1
431.5962520900447,6.395403886376135,0.41132652647368895,936.9441218722079,1770.6331387527946,0,0.0,0,39.86560684793136,3
242.4841387886558,364.59168134697313,99.71839481444253,38531.78606279419,36816.53063457354,423,60.0,2,146.9176166395236,4
484.67473884646364,68.87625885078808,23.176682715448234,26970.868807164596,3855.5789925033655,6,2.0,3,170.30971701342344,1
233.62348753552615,715.4743301544493,27.87270687145938,69013.32021352468,75859.63258004094,118,41.0,0,144.31893445535874,4
82.50886653562134,1805.0014582046786,2.1386975677872706,146040.32149940598,4291.213053552896,1,789.3940395899422,1,68.74837803785128,2
407.52558276428243,785.3785188213616,75.50528606300885,174415.10562715126,156530.6985815738,258,25.0,2,56.99976825279713,4
475.53656714085116,84.28774626565303,5.407468588346823,32771.71658069421,6541.9897227221945,33,2.0,2,214.56221226579834,1
454.8862423620245,5.124197449682798,1.1404085456517996,892.5888894873277,1666.6652270121228,1,0.0,0,18.607106467363067,3
390.24122500727503,13.30344587103698,2.488818571698748,1942.1310163946198,3098.8618595444623,1,1.0,0,28.906958928809033,0
50.322943024834935,3106.077790932944,2.5829474534668746,149619.2627567221,6824.460870452794,1,1703.676292661675,1,11.133553435248407,2
335.2173137128547,107.80928589373532,13.088027058797227,26259.060016020445,4761.2886178858025,26,0.0,1,279.5492312913048,1
551.6889764721196,10.302368880449201,0.5960742683467197,2114.8272014871895,4014.983363164585,1,0.0,0,15.850906953674631,3
113.19439493034261,1678.2540742844362,4.269649821076442,187561.8583217674,9030.072430001923,1,1778.6082490212025,1,42.05901855284823,2
104.21433301647352,4236.130798029328,1.9812188682363248,430256.3505736628,12240.604805328374,1,1267.0938331746838,0,17.187078212403087,2
1074.8972345979264,120.33178207888521,13.701409546271464,109901.4287688013,37803.060926397775,21,0.0,5,287.1996300110343,1
970.4378027923369,47.36870349727969,16.0403612635415,34325.73678804942,8362.208566293357,33,1.0,0,282.8891299940692,1
404.08766115576026,80.97529717736,24.426284203160048,24083.781403825044,3991.080636330286,11,0.0,0,230.45142747998705,1
67.49656737084945,3375.4872231322283,1.7525877088376358,224534.84794723638,9645.411678912209,1,2274.582586413915,1,42.96956722288826,2
153.5550140964208,22.164846863599017,9.829470601651645,1555.3161235135233,2201.0495433259116,2,1.0,0,23.825023884602604,0
511.3720155197468,762.7594944570313,21.735063722990866,205259.2293658137,200358.75181801658,298,80.0,2,243.05237383306263,4
578.4453191365471,12.231736501874762,1.0115131483016073,1534.8925485965879,4902.592661844161,1,0.0,0,35.860559170319995,3
627.512348202545,7.79604524458333,1.1050761648397598,1796.310213771598,3677.3497115995083,1,0.0,0,24.515840508718608,3
910.3515007123323,34.62540696846213,22.605771378470568,23799.19822825246,7181.230029871021,43,1.0,2,253.60114456272646,1
880.672373225737,106.67509888148668,16.307180805261737,73818.19068684662,10405.099314060339,46,0.0,4,225.92835609088044,1
129.31477954930773,108.08939670992991,86.9052712670879,6371.773953706261,6524.943930899761,488,75.0,1,190.69263285799983,4
145.6638221826662,242.65568470994518,13.421944260615774,17767.052658520133,14736.042379927747,274,22.0,0,248.0172749158165,4
657.343724717477,8.854888730674322,2.7125168937645796,1528.4539657709995,4160.828910525859,1,0.0,0,17.792528083077276,3
677.2616537127824,11.381185268061099,0.5085668496541562,2893.640391186376,4903.813749608335,1,0.0,0,11.499481452326554,3
144.82253167997501,31.98970917367241,8.68438021865549,2194.701274022788,2987.5683314103526,2,0.0,1,8.463725122139333,0
166.9364845563726,673.8169786483733,51.87293047409618,56862.608457679,45653.41118003131,292,10.0,0,203.3541090282664,4
50.497238634534924,3366.0381285399303,3.531997775387712,161837.37265314997,3351.9324502300324,1,3607.4413075931257,0,86.95797975154325,2
82.19218297360467,1641.5365353746854,3.8618278214392663,131965.60423109672,6567.714892874511,1,4263.4541915787895,0,49.06587350778661,2
617.2265698778015,11.932722668081698,0.34304445711277637,1709.7789719954792,5499.155139075444,1,0.0,0,24.822421546123607,3
97.83208059582223,3578.2526185272886,3.9134113499062475,339259.1603871473,10575.221841076975,1,1824.8552584924855,1,90.75189926724775,2
114.84364316094128,4799.595935323932,1.459316126885478,544733.1485980565,13631.700378360114,1,3036.9119952544593,0,89.99958466754494,2
74.46089266893881,3592.4633771387817,2.457163018694316,256590.002222242,7701.894900268789,1,3977.360431629421,1,60.10467631598488,2
60.36874634362447,4795.455383579187,3.54182871847556,276826.15731728147,11258.468571687374,2,2218.981524302667,1,22.124840058159727,2
576.7867687061487,228.19476010023888,76.66367977724163,58217.56351604062,68812.49938880547,106,63.0,1,51.43488767009077,4
482.41869855137617,383.6797464004754,92.31029118369824,109194.3064394798,92524.21046780563,485,91.0,1,154.27894725258702,4
487.3617966522801,459.7001514883857,11.162383505188723,119795.0845630366,108600.8509480832,174,27.0,2,193.7558361169431,4
784.450858557019,11.02989895114747,2.185598576242163,2704.2288486908506,6877.992639253415,0,0.0,0,23.048365912221243,3
111.26614028594149,4905.9601361769965,3.8008586353813367,529541.4885781296,9090.036896607782,1,864.9793652170215,0,35.465281123359816,2
150.66774206629847,370.6651897614027,106.82371869341247,33290.94622617757,26726.27616820104,368,58.0,2,193.4030075327883,4
80.96252949531917,1547.6752959826517,2.364068372476812,119979.44240937951,5369.014248193906,1,1766.8684881008642,0,75.49876364616496,2
99.86214562035002,4176.24250353102,4.87569149487497,405759.4783562319,7844.580844793126,1,666.383825025878,1,47.287748110075576,2
41.862966355406556,2421.8394075365545,3.9594631981716697,98384.65492940477,2004.3083611588986,2,678.2265264706128,1,57.299470313520665,2
274.2113238945465,602.5513673841485,33.91652682476345,74816.73613430002,90852.32651136267,434,60.0,1,53.50951256453007,4
404.4120515258398,25.691019069619408,1.05255605730202,5184.211319695699,5314.944069892093,2,0.0,0,15.763104689716652,0
727.6680651511574,10.77687010777003,0.5936757940711586,1866.0214096325421,6158.31117864241,1,0.0,0,24.59050345328486,3
90.99139983481079,3865.417931496348,1.8970335326049268,335518.65650874603,16415.55851599509,2,950.016532952366,0,81.40929236986254,2
225.96787143551333,32.83371764231835,6.514190208245374,2922.169291144621,4367.126494061115,1,1.0,1,41.1986326854863,0
310.8408234264472,411.0695186466392,14.986443225279348,60352.13888495033,70443.15081454099,94,83.0,0,171.71631957512903,4
185.4132378124128,43.384189789876615,9.31964330354492,4016.2071220432863,5302.618751764655,2,1.0,1,15.686535053851587,0
558.4002973453121,4.77482245723855,1.6556456831052375,978.7114829765889,1928.1302587172515,1,0.0,0,31.1212297993221,3
425.089062980506,188.98350429993394,65.67870942207227,40635.972878440974,40399.52062379485,453,34.0,1,192.24545629410048,4
404.59306504042127,10.145102182720063,0.335713517630012,1543.6473196047243,2505.060809461179,0,0.0,0,32.951295699114695,3
271.4648046990917,493.44487004120015,75.19303451468441,66606.9368642911,73373.4027147963,102,97.0,1,186.0531257457149,4
332.6349962251637,7.767816595520972,2.5667928047290873,556.3914794864128,1734.0384295141268,1,0.0,0,10.183859419410425,3
69.59553056435743,2115.8647776807757,1.7215499038708515,143146.3452636051,2741.703059318839,2,837.0822367230621,1,82.15726751611847,2
493.53479245866043,54.579700102045535,11.317864330902275,21858.84805602995,6502.669600609722,9,2.0,1,274.9010790094335,1
583.4943157179616,637.042368768979,118.97423363983081,152691.62389143213,169056.66108365427,200,60.0,2,50.00185919511695,4
241.49732550990637,61.86877957544486,17.672850517342898,13022.507315829691,3487.0463927223423,39,2.0,5,138.31788255448598,1
375.33424137685995,21.314876115908657,6.166644006508928,6841.569141401022,1514.8922947535893,30,0.0,0,282.31967976617636,1
386.1639511703625,12.662852741890326,1.072128385995424,1071.348751251025,3701.6816892545244,0,0.0,0,19.137398412617472,3
409.11937632983734,25.308235086316472,2.242700865832628,4876.7222852238,7004.665442224837,2,0.0,0,23.438265639932258,0
259.61732534465904,109.96657189516682,5.919646548209361,22358.718851438,5987.27779539262,17,1.0,3,299.2357879356962,1
63.22356125591317,4146.17462364019,1.6375610629956845,249491.45518840456,6752.490448522338,1,633.7519422443906,1,84.42131896242716,2
432.90183864948165,129.89289683953447,22.360558672723876,50391.42328714078,7374.033552295001,43,2.0,4,254.35874887669408,1
78.54987071559921,3252.377111489971,3.3747504773480825,249236.3282809036,7618.797861766786,1,3300.7530371762123,1,26.54859166488921,2
81.90543731079384,22.946940565015755,4.61844700701705,843.5262951487666,1034.0370297074726,1,0.0,1,42.61910542304926,0
341.26998249644595,31.968595226274697,2.2038820977477895,4811.579186050711,6448.139145861751,2,0.0,0,47.693497781736994,0
386.90729645011817,28.665777877029793,29.9597025843976,7818.748564902164,2961.83800546099,42,0.0,4,202.01650806645188,1
317.4912441540314,5.393868398639279,0.908251302300055,653.9581988156123,1249.870006831579,1,0.0,0,34.79244786546646,3
384.27597448093616,18.522022352019455,3.595319616862273,3263.435466260714,4215.658073583633,2,0.0,1,6.775678980090469,0
88.24030723439293,4212.224871564716,4.1667803968069865,355975.3928246647,13647.261086789671,2,1028.6471101000948,1,24.601199332651973,2
327.7599102930758,19.315019912815377,8.73116734151263,3156.9082412342236,4118.021858167839,0,0.0,0,38.23021441630969,0
347.88394309981345,4.084480370767154,0.3478537243136958,392.54780203403493,1091.8270685588313,1,0.0,0,16.494717017983522,3
459.89363123414233,343.30593305025013,119.43347877679719,72702.47528308094,70692.29114225954,177,27.0,0,88.5037743639596,4
319.33278092379476,4.384411837285093,2.6912370052725767,542.9233149026314,1058.588443859163,0,0.0,0,21.7825055061613,3
108.25162532468732,2016.1415937900333,2.226396306099502,214621.3404205258,4878.2679297941895,2,1356.2098249097367,1,20.476028604733827,2
185.10014395467783,43.31518868980694,0.5031588081446494,2433.6572236501875,4975.035624005567,2,0.0,0,7.760733219980067,0
424.4202970528392,45.639217754444225,9.368925292847656,8915.51894126713,12297.212299192954,2,0.0,0,15.867341836559053,0
450.45469097734457,395.44804669618895,92.75783703097251,97667.32250701023,72679.78013424197,255,91.0,0,242.75582728326071,4
330.542758566458,43.57890060623784,6.89584117386805,5497.172707607316,9753.760647034767,2,1.0,1,16.39725725852218,0
481.0832791310235,652.8112041728499,111.36950375164513,133101.6275552077,135869.65139709943,333,79.0,2,206.16516668218563,4
445.17843718606366,27.954937062447133,7.37234527331672,3992.677092028118,6783.581736899023,1,1.0,1,31.971603454832024,0
400.469047766359,73.75054967232082,7.7736760452498075,25852.178610119085,3888.4722155775535,5,2.0,4,279.287042261735,1
708.2320296959192,5.905067451479625,1.3584742145008066,905.7864143003558,2594.7549017165,0,0.0,0,15.385848774810002,3
50.20545210914274,4613.2045095550375,3.68911531789632,228342.61018618042,6458.718509356768,2,3272.838168875471,1,18.396806992906917,2
158.82311390711754,383.354116024374,41.24315350230605,24671.47881738736,35139.7073040944,163,86.0,1,133.70327733053676,4
689.7858679882407,88.72535851860583,11.364390759306914,49197.591896377045,8538.293334405067,24,0.0,1,175.97412579857462,1
279.8183715895012,327.4206245368531,66.87531901591466,37485.201389656664,53969.74455826623,275,99.0,2,144.30327427921029,4
43.111664979746095,3898.1626962439254,3.5805484957428826,161551.60567100608,3667.6544642439894,1,1069.1448744437434,0,52.609141291032415,2
744.6190687634128,4.727745580177297,2.947444159422557,1198.301066114736,2461.52804394341,0,0.0,0,12.870061312846381,3
105.21651020525199,1338.9147331612717,3.4918915507523827,133870.37574633412,1653.6369312187478,1,4391.57755755078,0,76.23117872816724,2
573.9256442670662,476.7541549527759,13.672480089440924,131526.02722558432,162329.30178004334,410,57.0,1,97.10289031133257,4
1185.6007339528005,109.26821952413682,8.821214175501439,111374.27609298132,15727.9404841942,23,2.0,4,259.76356181668746,1
585.5329160536492,189.321615820599,29.25857396985588,48049.32314135518,57333.84032517183,300,84.0,1,244.29541405405476,4
240.6114672107587,242.84820933511878,114.04388911376405,24356.476049536825,25846.498243349604,117,98.0,1,193.3263179530822,4
76.5492468726158,38.98117650531285,6.392940737857915,1315.385858664459,1619.0859989563005,1,1.0,1,49.120822629157004,0
540.8784545613382,13.644664786616064,0.6456976279537592,1964.8626366519225,5012.747476719056,0,0.0,0,10.231908020210469,3
371.7425269711108,48.58933747883607,7.036285096662871,8442.386270185458,12162.963426428287,1,0.0,1,36.543610915660395,0
421.41184413771583,172.12599168257032,109.49101344075616,37263.219897800314,40334.88497923474,490,77.0,1,155.07425595696932,4
108.56104289858095,589.1744068709975,115.0255307667737,34618.82203101286,38298.95329879798,426,26.0,2,119.63979644273208,4
378.333843168502,285.84759468697496,115.27619261283408,48542.676072545335,62834.875597644765,193,25.0,2,73.36246336242453,4
41.35278506050937,3472.1747164949493,1.2523787247328628,137024.34496583865,5170.467384912332,1,1145.6679507502959,1,53.81263692849191,2
422.47043065196056,43.26566005039529,2.5139435196372517,7886.620743523462,10865.74802230789,1,0.0,1,35.50159401395199,0
225.0941232376818,7.0393675532402575,3.824476925531578,769.8513418189578,912.4385606028209,1,1.0,1,26.779521568088622,0
209.4969544566135,11.429006806487335,6.6834404930141025,745.3163594531676,1542.9134731891327,1,1.0,1,13.182123524319527,0
466.2867459383118,14.283557340794397,0.13938660490643223,1797.040935801635,4172.101323098456,1,0.0,0,33.225145000687874,3
447.6316430714387,65.24675421205166,27.07556074446878,26090.89091391257,5510.9130565952355,16,1.0,2,118.06525134525616,1
199.9060291749832,28.403060953001486,5.693747653761156,1913.3015566756221,3940.02084129525,1,1.0,1,22.78176062008165,0
354.02598822354327,28.53794411461037,3.9088895991732735,4803.454076132785,5844.575164233858,2,1.0,1,45.48503503814779,0
781.5573296924399,3.5973825386239846,0.8391576735924324,1019.8249711435903,2034.780994538653,0,0.0,0,31.057327057958286,3
515.2297952146807,265.7612390423155,34.31701305937031,71445.9702089786,77172.1145735435,126,79.0,1,235.4774713363098,4
329.50166699955014,13.779452768806548,0.6478826938334612,1141.0091723233975,2772.6390579811673,0,0.0,0,19.335773330631298,3
102.55620935777216,1622.5919710463631,2.5677647591537496,161348.14096982853,2398.984828403067,2,4228.535661593132,0,13.202393121411637,2
72.63931867756696,1427.0253219776525,4.2664820163685455,101191.79698425342,3139.614283216816,1,4198.989903457446,0,19.58028299497971,2
167.82505296860404,241.74933472286654,44.23867283645196,21017.439124583256,18925.666702728908,487,56.0,2,228.4461719897743,4
77.6187967687425,4077.746646404385,1.4209675923106095,310419.51279114245,11883.389146739188,1,3678.209177686822,0,52.35326342216053,2
137.0224058649544,9.705552815048012,6.546087370664549,586.8687921584849,673.3402435496041,1,0.0,0,32.58248786895227,0
738.2428065436827,13.077814330108184,2.898160683075174,3053.528466782466,7547.303037101941,1,0.0,0,27.845665043890687,3
66.78424006853945,17.916715992871076,6.360805724569551,593.7747792803065,749.4769647756948,2,1.0,1,5.408258209372623,0
302.36007194333456,15.437619325218893,4.213606961102389,1955.28568591666,2797.613534571602,1,1.0,0,31.867111260306125,0
113.44084080754803,4647.48993938003,3.95578338631491,505026.2496160249,23057.71988647546,2,1819.8995811611057,0,71.70427598903869,2
136.78194687643065,15.96782671359538,3.0422075891862215,801.862871227577,1419.4055127478478,2,0.0,0,23.709879658549486,0
358.6667828580959,24.92226350507872,4.735013688483675,3976.8969398531067,4497.678313729075,1,0.0,1,37.59524677079335,0
409.9180457480515,122.56051311335433,23.688018328882215,37355.56601014259,11266.03170964056,49,1.0,4,126.57716187255359,1
342.6843896632826,7.776970709913844,2.563324581419181,861.2598105215852,1754.842225031205,0,0.0,0,13.61693487466001,3
372.0906232671174,32.450333768576854,3.472620245029658,4277.007916203122,7480.537400908367,0,1.0,0,10.267971864087588,0
229.54588996092838,31.56327241316635,3.0466045878173245,3077.9849989856953,4215.8651816866195,1,0.0,1,43.74806089886247,0
302.939834418612,780.0647189575094,61.13476798425311,140358.38565042688,103816.26711397749,127,95.0,0,159.0606404731515,4
1006.778142506314,40.39924536483953,2.4206311754558563,31014.956444342126,8851.630599240048,43,1.0,0,186.01803676419502,1
64.77455666503612,1580.1309349995538,3.9472204268839963,99696.79993398138,3707.0090567546085,1,2671.3654973362986,0,15.966116870189522,2
632.8368681146455,5.446188225056849,1.7546241500486042,994.2082593380458,2451.474346247874,0,0.0,0,18.0203413647656,3
305.51404213445016,14.045242496843894,1.8495928473279348,1032.551234672902,3363.818398503661,1,0.0,0,13.90985093769077,3
91.49433887657315,3437.2148758260296,2.869429153326447,306642.2485756174,13148.226905057363,1,2695.3670223738955,1,61.62878826898814,2
166.56271497366538,44.11668310929736,4.992473673515231,2991.241447726349,3936.348389716465,0,0.0,0,32.31923162399514,0
401.9432377302619,4.431738868342944,1.5181504030051234,640.5337149252958,1271.4865959241122,1,0.0,0,38.49774471742164,3
42.871420095114594,4659.431223683038,2.408066330007513,193051.08135899607,2144.358581391826,1,3336.7228151776185,0,65.39418637000472,2
410.43612951328294,6.560162002691749,6.036664933293151,1343.8068280565683,1807.0608037760744,2,0.0,0,16.353826242773295,0
439.0898383541513,8.148049821731092,2.5550857000666287,955.5847877570642,2522.61199263061,1,0.0,0,27.98920432206899,3
589.2086186234387,135.36518959814683,27.030138298759734,61187.666375092456,17787.22170397327,20,1.0,3,179.6214571625519,1
532.067593599366,2.3205287241896073,2.735209022278427,374.94891884479375,759.313227247638,0,0.0,0,37.61662514139168,3
445.9649855365367,9.08725559402406,0.9042691975437074,1257.112017583256,2524.5352668584173,1,0.0,0,26.316952621394424,3
1088.1913496613042,45.89855915881995,9.957160279928406,37849.07890273855,8761.13992979974,8,1.0,5,177.99964454154332,1
109.90574569298028,1479.299034837069,2.804357149867326,160378.04423821298,6921.5096064069185,2,2012.785398112876,1,57.04243966400833,2
861.5910659592654,50.72375673493765,4.739996076060601,35628.18881201733,9209.805054892964,49,2.0,4,97.75585992267692,1
279.16643257932196,17.74871430912188,7.97431028189271,1880.3123999511079,2986.3952798096293,2,1.0,0,28.465206087509603,0
89.74596516723327,3405.438429113417,3.184199727531064,297559.704093957,14482.339730233492,1,523.082645171872,0,27.23440689377221,2
225.34860426393848,109.70609549322845,10.850836723315174,17581.08721312813,5487.383854572628,47,0.0,5,124.47286782955956,1
247.1949429696186,490.59462042541674,111.87914484767292,50983.68795457433,63089.9015660327,117,57.0,1,119.98570675428152,4
748.6482942666473,2.2740485855709807,2.5900837788176294,653.5514196095376,1141.8580816653891,1,0.0,0,22.982526073329986,3
402.6169633901546,11.039282283883372,2.249210420726074,1119.2381587196821,2972.6387079804363,0,0.0,0,25.324276471346124,3
82.26816980409887,4845.86983620404,2.2835255961465735,386374.7711652955,16930.54549586198,2,3687.950619035942,1,23.598194284484727,2
127.773616743823,204.11905691004824,73.446867934696,14289.334551363372,10830.15592879936,103,85.0,1,171.1900346015422,4
526.8815510009888,661.8412951200236,82.75422364306614,162142.33809352768,175493.9401105341,189,34.0,2,206.9246567539976,4
584.8298732513516,299.6370238136048,25.00290436071443,96697.5434536369,102676.96451316042,190,18.0,1,80.61696376828165,4
589.6100176137788,2.549496925067149,1.8015889104050256,383.1898108244685,911.6905987854125,1,0.0,0,27.322283448814517,3
55.92141536119897,4147.842907941636,2.8472261360784796,229625.27767249235,10104.732336839628,2,900.2586862661333,0,67.06273533445302,2
194.53115093553185,15.462769649352403,1.731950293130236,1056.6847968571205,1717.754865070547,0,0.0,1,48.89179747158894,0
50.95857778476223,3747.4659749396396,4.6531988464001355,186065.99590302454,6186.17868153116,2,1592.6384814797805,1,33.359538994577434,2
884.7251638810046,47.570560872059104,8.691935045923437,31828.488083597673,7669.299475168341,46,0.0,2,160.54488594432527,1
315.36118332421455,17.33248493092427,5.7646910239000375,2351.9297383848357,3640.069050048121,2,0.0,1,11.300834239720205,0
181.26610038034138,23.313735933541874,8.969060148423313,1270.2658503193759,2146.605113045352,1,1.0,0,11.301084389899295,0
389.15521506296164,683.4584698191586,31.521252120797783,114995.9648366952,146318.8753314725,367,39.0,0,219.50640069240356,4
473.43385704032715,33.63684266900185,3.58286210166575,5635.831636817135,8570.50438805939,1,1.0,0,34.46190839103346,0
70.55867757522427,3174.375873860678,2.8719414644157677,213921.21365676686,8058.885914314589,2,2539.5597928224406,0,73.90264129077062,2
665.336006119938,14.914019456372698,2.068466913286856,2444.679034994963,6168.403217791754,1,0.0,0,19.89447426569083,3
641.3719198135205,14.22932203530841,2.0240291367466683,3415.5549433937726,6986.138397893439,0,0.0,0,27.564535275129362,3
390.38495965045155,9.682826904585752,0.36012796132393843,1310.8115717713329,3020.057749066213,1,0.0,0,36.28117342793276,3
1163.9160120731885,103.40535856164125,2.65612275028687,94603.38421288454,33097.87636692006,34,0.0,3,247.99267475936298,1
504.13338696321296,6.025847336568926,0.9616397585707415,793.361467816387,2360.2749113168084,0,0.0,0,19.938903079119996,3
875.8926228302107,52.334301192781204,2.4339507711333286,33616.328914831276,10145.702110753155,27,2.0,2,270.441908002001,1
45.08871969412006,1884.3154947737676,3.0497590749755368,82568.52974304039,966.0486131318193,1,1802.0133525045417,1,63.45465588490647,2
106.54065126417976,2879.196882714131,3.218387542183959,301759.7795002084,8969.171799497664,2,873.1495388878741,1,58.399524214807904,2
94.78185266233588,1501.76713780208,4.145932137183624,135326.08587230297,4171.870306955941,2,1621.8528968186097,0,38.14846546796343,2
670.539402271398,6.109320563176716,2.3136832544038586,837.4474730864473,2889.3100196762784,1,0.0,0,21.53017083875583,3
724.5005742189765,104.74285217418877,23.825524472766798,64763.92237276248,22351.3671565659,16,1.0,2,156.04452581920904,1
63.45247538026414,1023.6962618160095,2.5048056531807927,61872.36512421704,3023.083612974044,2,2793.6065035908155,1,41.48652124817694,2
590.3805459761265,8.287845794852265,2.21361902665468,1410.5100508524479,3267.181403986521,0,0.0,0,36.093974607766484,3
183.78294512651053,22.755923401894087,4.507367696118898,1598.4355956669865,2850.2284946888917,0,0.0,1,35.35735338122973,0
300.0537168035471,11.936526943031918,5.7602591109011065,1462.5136951711531,2336.5650334178818,2,0.0,0,21.028354120291738,0
104.10977999003674,1280.9492234779243,3.7558231606846793,127624.60215265791,4514.936093469508,1,1937.7801047289568,0,77.76485989152735,2
164.03925449243962,108.5178417674232,79.32626936211948,8398.680010782162,7494.969587003581,369,66.0,0,72.73119381322687,4
49.163623966918585,2257.540164269834,4.240501710875428,106621.03752845082,2064.9281136363884,1,4223.230689379047,1,60.119253113316915,2
548.7499387006021,455.4950509022931,85.70508463954602,148923.3943499213,111776.51841399928,180,47.0,1,82.87980454406187,4
402.08093608652075,34.30958882353744,12.734860181695957,11966.430748672654,3766.9109267979306,43,1.0,2,113.2781425817887,1
521.141049374108,622.4932578161371,119.13665787530529,169568.38156202462,159819.4334017794,213,33.0,1,81.78551003408054,4
298.5942302419365,35.14212045753382,9.119314480456207,7965.346923537507,2161.544044136963,47,2.0,5,112.6392742036937,1
452.4017149421512,105.38598004149837,7.54977542659455,34746.88119770515,14297.965610355497,44,0.0,2,201.37135291742158,1
352.9053417598575,524.2625383895756,11.074945456142938,102876.01175017662,104344.12686100467,467,95.0,1,135.3250746952789,4
386.2765968205494,436.2783117312711,21.714594870489616,95703.8780935542,92524.50259974803,430,47.0,2,135.10632896017665,4
243.28210515278997,23.10828166846903,8.903575438181331,2693.4900932196538,3833.161716854473,2,1.0,0,9.817573034938373,0
447.61708717471856,85.83932901474682,25.6432656093349,28734.54719749076,7033.079167653235,22,0.0,0,130.58204158955917,1
104.46342927665879,2085.552752947059,2.886434282964369,213166.73974687103,6004.693190390626,1,1202.6891918743381,1,92.04748207617732,2
433.09754918644984,283.643705046743,32.36365681032336,62060.43876368367,50736.113063476536,473,23.0,1,243.53245516169684,4
194.29244644306883,47.084081688475685,9.499829394994867,3888.492014694689,6007.403686493476,2,0.0,0,8.605168087310382,0
460.0257997675534,532.5324958965037,86.38239977626954,108492.6216870115,131669.98811081727,374,82.0,0,163.58410065468163,4
77.77582708945403,3907.8154749324,4.997319685972343,300775.9009101657,12088.49428146817,1,1716.4400293713475,0,85.01856683893963,2
316.9765821902728,30.185980017707294,1.4999622593716175,3190.742545176659,6644.240282196198,1,1.0,1,27.745480305970247,0
117.43755564162038,2280.221420221913,1.1487229397650593,258259.81516059683,2864.9434724811044,1,1987.211965098143,0,94.33795582958466,2
78.54046637831851,2270.1826306213525,2.442990980220837,174159.84460760205,6294.697644863169,1,535.2593331778905,0,87.65096911042515,2
338.5888045556014,402.73600029534913,89.82323400590099,70820.27856234385,62600.235545115705,156,44.0,1,209.1665317900883,4
136.97434493485065,720.1297367270247,29.196144262995652,51885.255711398415,52159.82209070285,447,14.0,1,107.63138989234898,4
778.49250822933,110.14487664732017,21.617121899044648,72944.46168397953,23543.70473546083,23,1.0,2,216.2180017804841,1
635.9939357011631,14.619466131815328,0.8388978316207821,2762.931987585087,6510.831027093168,1,0.0,0,39.8823738672048,3
567.1878398202105,268.3841937502109,40.14271634423344,88921.42898116779,63226.02343988269,440,48.0,1,166.43263921967406,4
582.4999855909579,13.459172097051532,2.3942309427841746,2435.6171180307124,4819.808867457535,1,0.0,0,31.53166764230474,3
257.3918436882735,95.82994226394659,26.76161598319605,18014.665313827263,5415.672573804793,42,2.0,5,97.04625423432489,1
108.06227922661284,2695.7221401186653,1.2658925208366862,276759.0493416651,9010.585613372734,2,4422.592878256199,0,79.51698996645558,2
452.413013252652,15.869157876575679,3.865577608563549,2305.0878191964202,3908.99151845445,0,1.0,1,18.99511226297061,0
593.0081887391483,12.121817663107233,0.8212507523027568,2412.668438967931,5610.057379098308,1,0.0,0,30.00599908361677,3
1101.63122948636,140.40508823390147,2.254749075861728,110605.11106757043,23212.291769314856,10,2.0,4,93.49565238645097,1
534.9449540207198,6.988388271352908,0.44555543206734793,930.8167832290993,2317.9170198120487,1,0.0,0,13.775160715410074,3
238.95784634846422,70.93541630023232,24.46724996463708,13022.259896880672,3200.8901999110813,43,0.0,1,273.03946785269716,1
411.7493771773221,13.013723338454051,1.5266271095671344,1953.1726594240786,3650.150391707751,1,0.0,0,35.22774683769554,3
273.76693133017443,104.12785802575073,13.853481823467853,15187.414538559146,14385.984417554244,339,50.0,1,193.03294690768752,4
535.6183436458239,13.39257746935349,1.3870050388412134,1843.409616397256,5589.465547875768,1,0.0,0,32.73926045686899,3
579.3923023625156,641.282806455992,109.65866968848066,166049.92049076044,163304.13943093273,159,30.0,1,54.58201197823187,4
136.79154669377863,37.08707227854434,6.830661428992961,2502.149443988166,3308.7780656012255,0,1.0,0,47.479203741344435,0
592.886832598776,558.2731164005595,59.96519634779216,191194.2870298858,178370.66793108862,66,71.0,1,160.35801271589912,4
497.0295657863676,119.33124008358908,99.14701059713,27282.84494797464,25227.428317223385,169,55.0,0,249.52336720811,4
302.5291982278014,21.54933778717147,5.911386432882282,5496.732719028953,1920.3179396407681,20,2.0,2,96.93322026176382,1
1061.8751490158083,105.03008188424718,16.324537098103377,81615.12247964984,12345.32096040643,17,0.0,1,205.2536190195895,1
1177.4962582088933,125.02253393891756,22.647478440734492,118861.44952968998,39453.16972862109,34,1.0,1,145.5745642574009,1
271.72652604589314,15.171304901719987,6.584522400670518,2043.893144827961,2558.796525392919,0,0.0,0,39.18251429149084,0
749.975701953213,2.647273291440219,1.1155492766194486,444.20038011784777,1202.741945559756,1,0.0,0,33.91718725068401,3
450.6316989266813,5.7045874545841935,1.2300021526392293,514.4623555731652,1782.3267949570486,1,0.0,0,33.83056987743026,3
74.81845744075392,4787.370206670063,2.870355793995067,352810.0310930583,15198.851598984198,1,3543.0372335478,0,90.83114512415908,2
384.30183069127116,12.286870695191292,1.980281919582378,1482.5013925496924,2991.4178681165154,0,0.0,0,37.90020159499498,3
467.32056844955434,33.423958178730125,1.0167121109619561,6698.530694124493,10853.343395680324,1,1.0,1,12.029295590897988,0
702.4272871663763,115.09322676140506,28.827304249744145,60155.61095467683,22413.068567995477,48,2.0,1,149.64908717990323,1
553.0687937836171,128.11746976540687,53.726732669535906,41774.9806320342,31881.039779909952,305,20.0,1,226.4284628451722,4
1114.7493287276602,41.70352327448099,5.392352915307592,33336.39276023055,13104.718132685968,35,1.0,3,191.6520007832529,1
188.20458525539834,18.828048421682894,8.128746029410301,1445.1638106822188,1992.3878478786796,1,1.0,1,17.26808003300902,0
223.4844239851061,386.3048289453804,82.60331216930253,38367.190917402644,51203.201676234996,312,41.0,2,127.91904968772563,4
66.19524503632533,1543.3297136530628,1.9477036829257899,100224.81512041437,4991.5262830503925,2,3203.246542970932,1,48.6271523764031,2
313.8449433793877,3.8130510276473597,1.7539640359836193,415.9357481448223,846.7636519235957,0,0.0,0,35.79554415746989,3
327.52398149710723,5.66678326149926,2.099675232607034,707.7636090920065,1469.5117866839878,1,0.0,0,37.9735126324193,3
168.45977644280492,654.9624743363709,57.94096024515884,47044.88913700484,51643.061219779906,141,47.0,0,158.28587886099933,4
996.8615702761911,64.325653250123,24.55305592513643,49229.246026245564,7123.291636387442,44,1.0,0,153.3259691715155,1
480.29248829412336,13.341923206267005,2.642370604254146,2179.727730283478,4685.195127445237,1,0.0,0,11.914781041291407,3
111.55064610974846,1039.4429133485578,3.7114744642309816,112366.08053323279,1906.441035790879,1,4082.604921607674,1,89.00489511011101,2
624.8953637563123,3.0934312910259143,0.6258449827025082,570.5639671702004,1412.5200750186973,1,0.0,0,34.152865078722684,3
369.5445026033969,657.7410023988919,102.66738823654917,116730.78822094218,118121.88293666638,204,60.0,2,79.77744052475336,4
582.2522519774584,100.51464903779848,14.723288325438679,50099.513312768366,17529.639418838495,16,2.0,5,231.37002255630836,1
583.3113050798818,364.45952834143077,74.88261030770401,91047.67319628167,87862.98852122993,416,45.0,1,66.46929914915727,4
113.20259387768674,4471.128177571054,2.4805916734016678,482276.7321592803,23163.290467792325,2,2577.1203295810856,0,86.05734739619514,2
733.9142510824663,10.375138210737765,0.15898841009604286,2626.4278832661107,4622.818756517073,0,0.0,0,33.730896310352534,3
117.53924860295197,1798.5945678240923,1.2394985068855426,208967.24536569268,6756.110225620499,2,4365.637184493716,0,61.02512717316892,2
391.2381655496147,9.974946546206343,1.2946830716978166,1290.8169077698522,3118.2024249182523,1,0.0,0,20.60108378625253,3
313.2927454930685,28.285085828976857,4.589060398049407,3220.1788693900758,5200.991579418446,2,0.0,0,20.336706490543097,0
415.1573376949228,5.289548675658651,2.825472743558239,613.0827663705097,1633.0948254699392,0,0.0,0,38.00572938149892,3
467.14406987064933,138.3864493999055,14.198817851424131,46921.47822966489,16062.030752218965,31,1.0,1,216.73411928749067,1
458.35495370257934,663.9014169703273,119.01969706337775,129922.31352885273,180460.66883788691,414,75.0,0,190.72379880433758,4
454.14006204239007,29.64165692691813,8.26432881464369,5256.212427851583,8463.431542099112,0,1.0,1,24.737324742029227,0
389.34636426208164,34.656599039165634,8.120240302212082,4332.3799456408815,6842.704952459196,0,1.0,1,25.78761215019301,0
488.5574062148762,15.474710319363691,1.3607611280617977,3203.120112603921,4358.446448081905,0,0.0,0,32.339518335564726,0
740.9937953830648,6.825263568958469,0.3185291990637862,1980.8609585526142,3474.4994206331507,0,0.0,0,37.21797138444453,3
464.4978873439844,11.170644406229167,2.0596612399761316,1874.7570210293861,3420.946620042471,1,0.0,0,11.813407689558106,3
383.6190850689382,32.71934526170806,2.286234978846453,4657.67032700979,8243.476750219084,1,1.0,1,42.798379112698214,0
342.6180212869055,47.9090794033179,8.875348578840978,6843.210209861896,10944.514921515685,1,1.0,1,31.24358619246939,0
73.86613816180217,3504.717811698059,2.147182916754159,255972.73911516415,8891.845814104614,1,1282.6651825013696,1,45.58645094767369,2
332.1663263090171,215.07951362268233,90.37299838986623,42488.77955144026,35286.38960494631,78,98.0,2,201.5626611388532,4
314.19478678956784,23.702175315830097,8.549080843357665,3577.9389055158313,5030.300941762159,2,1.0,0,14.938375233335401,0
618.1721576590446,8.501200365169032,0.3995713856585117,1258.7770107233507,3657.2361100586586,0,0.0,0,31.96294767403395,3
122.68571113691159,490.1183803888164,17.717812983208947,27282.63641354397,30868.777078473795,256,75.0,2,237.23830822304203,4
748.4145224203536,2.684524872864039,0.5109411302793784,642.2202850634882,1454.2665113451767,1,0.0,0,25.44302122226329,3
163.12502860107435,24.06185880892173,3.2353313565193984,1660.274620572937,2678.3665139711843,1,1.0,0,16.5206989334148,0
1151.3968619791062,37.812718304721685,17.052369519391842,32086.40310269962,8081.900996385359,39,1.0,5,176.50245005413205,1
202.18414285724876,103.02744269565268,5.954823544743606,18416.792312159567,2473.1358006345504,47,2.0,4,282.4088115600988,1
402.6928040063282,531.4153548926859,28.73351754378454,114976.84875922906,104959.2241187175,277,72.0,2,202.91132650620608,4
391.40975208640674,9.561780389892162,3.1396013728522663,1329.601174862632,2194.65961508237,0,1.0,1,25.2552436913665,0
421.58072558167083,375.9664152905107,61.49955391682203,92128.73847632726,92903.43038491062,330,96.0,2,220.01680426612725,4
138.05052791668118,343.946743772202,100.49217349814239,25150.508679437375,21746.37374219413,199,34.0,0,169.23859413949748,4
271.0374214033412,126.38001629778938,11.399107217999568,27913.914436334955,6952.025737088956,23,0.0,4,111.10438192759484,1
203.55673677479342,598.2535879289153,91.66189781824173,60843.49790513521,70574.76882580125,275,17.0,2,204.1457230613132,4
902.1074541137926,63.075788435721215,20.918561261798047,44336.653067809,14296.454301395555,15,1.0,0,135.19340197595406,1
132.97044402964343,530.533213998506,103.41666007281728,33197.50064500977,31607.730775649925,494,58.0,0,155.09784604186348,4
444.2046682278538,355.05780587005614,113.24603473742002,83994.57376770093,89720.71023221697,451,21.0,0,161.69438433453766,4
329.126302400262,33.648994473002716,5.7707482811511435,3523.996168871045,7146.3204519128985,0,1.0,0,40.26438557335144,0
551.5762556011466,378.5144456328466,99.17392624386525,119156.9570868296,112864.12388615677,466,25.0,2,83.71193441124436,4
83.66875208158098,2352.5741528967847,2.003569505415405,191670.34745466072,3606.4429227248243,1,1317.866880790302,1,89.33900053653387,2
669.0249397178835,140.71221927623768,19.950410900300465,71765.78893185777,19304.689005926113,10,0.0,2,185.13081808088987,1
46.30544617942272,4051.9955908477687,3.3383058910060286,178534.07479985076,5539.549891384938,2,2792.596991924983,0,94.06328415931094,2
453.1553871841029,23.87515972807911,7.913472278565376,4276.457415736603,6486.171005097756,0,0.0,1,13.376115398900657,0
767.4558972576044,4.019069261907182,0.19823884677957515,1227.516595649784,2148.172039511116,0,0.0,0,39.229529116132426,3
58.05557395123442,1083.728117968294,3.416462499923798,61458.56546995513,2145.5163708437644,2,2872.623982108537,0,28.934789904471163,2
261.1046676196323,84.90938298186228,4.97744432575036,16025.267371263599,6389.676066259385,49,2.0,5,274.3201923137692,1
164.52816937098828,42.37891329877811,1.6432182393324615,2157.223042997886,4021.878792586402,0,0.0,1,40.081301310503896,0
766.3661352101808,5.9761554039329505,0.24101966774230532,1534.8492708692177,3468.6882529937557,0,0.0,0,34.88200660596807,3
506.0508641086106,258.0115379241405,67.87928527365506,55569.71842350402,64621.394682574086,162,15.0,2,203.08644334895433,4
703.7777754996505,2.7002074879162543,0.30205130682840453,547.4979523598282,1236.1958173013575,0,0.0,0,18.19086387027578,3
65.18195214464774,10.25132288637566,4.995078909992976,281.45997677049235,440.2496576272017,2,0.0,0,42.377873350447814,0
92.65299812210668,2737.693037452819,2.3857313958836635,241167.99866235448,10909.3660045048,1,4402.419874356448,1,61.21962823265235,2
377.96312608691574,5.29614708711482,0.35814676172829896,509.14008503924276,1508.4925246712535,1,0.0,0,25.3170924884586,3
118.0235241144037,3817.6221766503004,3.848766913012816,429747.2545032124,17700.131977027526,2,2815.746237628013,1,30.559266639808758,2
210.75946529254938,11.04866046225384,1.1020622194912937,1159.629145420258,1314.4321482517,1,1.0,0,11.247114804890916,0
312.8267239078026,240.15675828511465,99.90986437100628,41232.94357182988,42968.453272535924,168,26.0,0,159.64318213098412,4
70.37046939885074,2531.177232581401,3.356533612624153,173828.64148508606,4999.773294179375,2,2822.479041929415,0,41.234232335839934,2
239.41758512036296,116.3701320855991,25.173087317776293,24895.884978115733,7744.461922438326,9,0.0,3,231.83763553295307,1
459.08634574921325,3.9351384513492236,2.4001953779827208,578.266512167165,1120.2173042049849,1,0.0,0,15.206107589166505,3
592.5877503611113,64.46294635223762,25.302694987836365,28839.419308386925,9421.277347180923,38,2.0,3,199.30599463663742,1
317.81489769506965,14.16351668232408,1.7997490115359411,1168.6860801569014,2835.088620338744,1,0.0,0,27.90637862008516,3
460.6832818506493,333.1522757376381,74.14319943779091,62577.818639410165,76592.86723137466,292,94.0,1,78.27182617722994,4
239.3474271514128,471.3542700626801,71.20086460899526,56273.955324914416,54375.30995059834,154,40.0,1,108.28045325764896,4
511.1947378040092,47.1775567415126,25.757501878144712,21251.92078832987,5024.021671207765,35,0.0,1,208.07185661924325,1
65.01461320222337,1423.662758515094,1.0745863456591316,90910.00888384202,1436.1249125754614,2,3551.1962115032215,0,58.41275736963188,2
322.46602836089227,35.60593689965531,2.6928772969631147,4493.614760182081,6177.903317072586,1,0.0,1,34.78276354322204,0
359.62490143216723,63.631025487128525,4.150608349939876,17093.7998580412,6087.649135396026,26,0.0,0,130.9245470283656,1
69.37062682482122,4630.727780876614,2.218543329174307,312154.74900451786,3475.484342562631,1,2956.362951902807,1,31.08745894034601,2
381.78358882969684,9.292967479094479,4.572669199371119,1085.0690378406155,2115.1815057948193,0,0.0,1,45.562239348887076,0
86.58859640511727,4944.269920838407,3.5457149750113963,420995.43010850105,17976.86753568841,1,3949.3396657589265,0,48.7444225088359,2
143.96436629609713,18.690900933179197,5.48518610050626,1039.7046918775106,1502.1411091754915,2,0.0,1,7.099954844612695,0
44.93135067494588,4834.182427296348,1.5677328430375943,208993.5376623481,9318.306905996737,1,1256.069130985989,1,67.80780602119164,2
99.16863752001098,2670.556023474811,3.9466075008991517,252796.6685911432,11186.771445913595,1,4094.555713204413,1,63.134286868347466,2
317.2101423511149,17.22591369810518,4.283730147768538,1739.4836956655865,3099.7186892407512,0,0.0,1,5.150586291934065,0
426.81822245502497,686.778056071717,113.01244653784121,135860.55511967905,126368.80450188053,319,95.0,2,96.76967381709554,4
523.524613737038,43.89567563263594,18.15421145365551,16797.99214174848,3935.1472693561886,25,0.0,5,165.02176415214575,1
612.2926225755874,5.935481903466194,0.9586743890487762,1091.422976523775,2810.4455684236623,0,0.0,0,24.656834817545246,3
82.2907334161934,48.58199499174727,8.087784820718458,1433.485998287431,2782.478483347463,1,0.0,0,46.41337315487335,0
741.8979920382387,13.946950120027786,1.5835129699060053,3371.2459417287046,7074.91707836515,1,0.0,0,27.14054697120836,3
188.52884839128518,403.587141905765,78.23715859881796,30831.797890120084,36592.02967514798,484,57.0,2,88.3189899368846,4
848.7653861593859,144.09357075164542,6.240104802358973,97288.90078646432,26950.553052051022,42,2.0,3,145.4195368878639,1
484.01073471961286,6.882655362129011,2.940115070539289,868.7315424172971,2175.4768084748607,1,0.0,0,28.432300279514976,3
320.48299803888995,49.97090748046257,5.780162523653207,6320.123436819774,9009.476355340947,2,0.0,0,18.380705331764787,0
341.6512915558982,4.41254307818622,0.7360517336896655,379.2589131819991,1075.005519529101,0,0.0,0,38.73737652670444,3
49.47174731421232,4024.286440887046,1.3924754956020498,192693.08925748072,7836.157294682733,1,2782.9749669332796,1,87.82902928829779,2
1192.7709865127338,121.86590631657488,27.815649327024833,107421.23954857311,42461.09852536909,15,1.0,5,156.95673799254746,1
128.8750426606304,25.820402227942708,9.819380092545508,1319.9994741969508,2238.511805809206,2,0.0,1,27.113817988785055,0
118.91581808213891,3860.3054695111027,3.4585644762180077,436962.54750708997,20732.784391416688,2,1563.8962586164484,1,40.52177339362324,2
496.9976554346413,349.60112985084197,94.39030758390545,103500.42651025513,93769.70835547622,293,93.0,2,223.7387789797704,4
291.2694961106609,44.06723618231961,2.8302125564256784,4254.539875576216,6829.4820783227215,0,0.0,0,36.38621577511776,0
51.27231549503868,1871.6178792615397,3.5906800108479024,92782.97440577504,1523.1180223872996,2,2495.404094977097,0,76.05058338096339,2
301.0992973496795,9.494006951128018,7.036422216442132,995.8862372337619,1950.2026836600244,1,1.0,0,10.59657795502296,0
256.2242948509722,83.13245879373426,27.55842241142013,17510.603184507218,4457.810419940521,17,2.0,4,128.47020169683285,1
246.76397708397482,204.5439152236314,50.54343632219514,24380.970944680896,26536.07941532003,205,73.0,1,112.60184383937866,4
104.29081177229547,3126.402996071574,1.7471232286494827,315302.63540761825,10427.106317888258,2,2885.8983101758095,0,45.45800460255192,2
515.1628402973506,689.0154713147695,72.30396642365153,197360.3217358075,176937.70570433047,437,39.0,2,130.20196395459334,4
118.75738984740929,3227.8245194429414,3.644471709382098,369264.02498601726,9692.293445887119,2,4486.935081177526,0,33.029459744029765,2
103.99933380444278,4743.187363581811,2.612917890723183,482608.0713912187,14941.457837348991,1,777.9199395341277,0,43.11126327576481,2
887.2955625825175,145.01005491600154,22.446813362020304,102672.75598025123,29097.15414031119,47,2.0,5,119.79621830335763,1
182.65527983226372,31.56038000910892,3.9292520209302544,1834.9890995542007,3939.937038637962,0,0.0,1,36.075210460053825,0
447.17408325768906,11.923005003341688,2.2618544108004603,1328.465046981326,3976.16154192422,1,0.0,0,23.210776239064465,3
93.80179233905115,3817.0362980096784,3.234489347464758,353084.0327154757,5170.09330484631,2,2977.7802952726133,1,21.4041461710815,2
779.400477129424,4.678226255787889,1.9990109393426105,760.8890626293119,2236.160720754657,0,0.0,0,25.046924599619025,3
333.8614121513666,19.557517771016318,8.425881976570292,2780.6515242132946,3524.4366836838662,0,0.0,1,26.95343197668631,0
66.18002463246536,2158.950402115557,2.078042484873189,136563.28060124966,4752.342703597121,1,2595.9726698586687,0,51.4874847030084,2
586.1827423899891,615.0183149254144,11.704990835935313,207654.52686270038,151473.5385356557,256,16.0,2,98.6562145724424,4
97.53424192415837,3339.9709344232874,3.75704654186382,321710.4828619985,6515.214182137018,2,3484.523912954569,0,71.13223011918473,2
567.6711406984527,145.41154648457507,31.152089555418776,34149.68377651795,47348.250147042374,493,63.0,2,66.73268201023663,4
420.83561298630053,2.018436861740901,1.7238960267229453,270.2300900897636,674.7956009805895,0,0.0,0,31.700758351564385,3
288.39696714675836,64.48931822125759,29.478733358755843,15361.203716976295,3407.8482311426255,17,2.0,3,110.3015017553179,1
804.0049977395001,133.27336700423672,29.96933159336615,88031.37151511965,19388.290760360826,23,1.0,0,266.0212630093179,1
332.1874417575198,3.2955949855062325,1.3150816873996702,397.3515338206117,851.3206495205347,1,0.0,0,19.62918078326502,3
56.912014764872005,3146.515617207216,4.831928214436399,174336.41480497294,1869.8759319781193,1,4457.333147313101,1,16.475172331549633,2
646.3263599865612,114.5124085118374,21.40176641829408,66424.17144400127,10734.179841533507,49,0.0,1,114.3996711618725,1
831.722418326584,87.43722012491223,3.4326341804733254,54293.3049958466,14428.366795000189,6,1.0,0,107.41494484923201,1
310.97675093851035,14.168955524216232,2.7179473371668044,1360.0031933716773,3152.4813743721775,1,0.0,0,23.49069020108019,3
792.5681827648268,69.39015782506189,16.0541962618641,45152.853825370315,11658.03936174053,29,1.0,5,246.66064648934167,1
388.59690624201903,8.035515264531483,0.1580997138239239,712.5590236925827,2297.495759516866,0,0.0,0,15.59673736586847,3
118.18952486221087,4374.3477823741605,1.7130005758318534,509859.29379576864,12215.039139381179,1,3563.137170862897,0,57.71040085317838,2
90.43181850198616,4631.4907077409625,2.676351014683864,411015.61455982144,8683.93576029246,1,4443.43376164375,1,88.43564921415712,2
687.986954374944,11.350490577331993,0.46692805074231947,1638.0786327697726,6056.56094673785,1,0.0,0,21.33656922318172,3
313.41320850901513,28.07004766803874,3.2881438204771554,4278.682197139133,5097.311698438349,0,0.0,0,41.81930009367114,0
545.4059471569014,128.74646162262812,17.869270407941407,32652.59850579388,31356.749666624688,213,17.0,1,148.02577226731933,4
45.60944365975917,1105.1909067386744,2.044114661173797,48971.68318036996,2334.085360731446,1,1552.9846993221774,1,13.33467943241435,2
59.56901360556201,4062.1934163972633,1.2765333432699575,231308.18670585408,9139.392486225559,2,532.9449663678405,1,30.006194844659916,2
455.0554459531066,139.34669050635551,79.4909794505752,35061.54646714894,35237.3796846431,440,75.0,2,74.2453738680459,4
172.22672904211822,30.993437934119626,2.072376515565751,1637.5382344555399,3001.471649263235,0,0.0,0,33.45189295637887,0
583.3074961321072,515.9115505157561,98.1271157031273,136298.9744684223,133016.4881502077,489,59.0,2,177.78912437107851,4
57.56952363834698,3709.8670757378477,4.033634563198818,204817.8905244007,2790.2394211969386,2,1844.6613543183198,1,68.02050574650559,2
591.9195042703873,706.5141464439849,110.05067498526114,185452.9768018707,236785.12661199187,279,41.0,1,202.79110606202755,4
277.47626545390676,34.01353618595684,2.683353895077375,3874.584357759856,5421.484938001594,2,1.0,0,30.68948375777643,0
361.8961403342856,27.37286438037923,6.369548781911531,4693.33802728814,6083.574303438293,2,1.0,0,36.02870379642025,0
625.9324738335938,11.657092004487152,0.16641626824824568,2858.7415923587914,4880.578271847956,1,0.0,0,36.960791614064824,3
45.591344951035815,3560.1215534067214,4.757040915646096,154207.73613527743,6335.124430327703,1,4289.908937582499,1,41.9864866086102,2
119.09142585312662,30.31498405728713,7.76902312375928,1762.1069709589526,1816.5524741870054,0,1.0,0,38.373865332621904,0
70.62921723868311,3105.5951834610937,3.713440359131608,210889.4185800441,4405.710968837506,1,2821.6726631205884,0,95.6031608264872,2
285.84293750169934,33.6349678183653,2.8793872767530493,4018.5365831374593,6689.436448243848,2,1.0,1,33.401238169876834,0
571.5591525986292,14.823545099865887,1.3539090207732378,2782.164778427958,6726.126407156758,0,0.0,0,28.039250914441123,3
52.6473869826279,1498.9444528867164,1.753472928268279,76077.46106796374,3726.482706643918,1,3744.9222336054313,0,54.37690388088166,2
315.1963090080377,417.6865168798863,106.7259148917406,76251.83674297329,58946.13269871499,67,31.0,0,230.05540542553834,4
448.3568001765142,756.13769418729,28.19858040207655,179625.35318137438,152168.17817313215,296,23.0,2,113.77075412297518,4
574.2915698165007,249.49410592051328,99.7517490124174,64382.6513817481,69657.58254807926,242,31.0,2,178.83561803387548,4
290.29807413648325,35.489402035652894,3.4627066502103903,4685.561537420863,6743.858027700494,1,1.0,0,30.89099314632002,0
462.2893295826396,4.377539461655185,0.5151776525549796,787.2473799265067,1613.6136086625124,1,0.0,0,27.61077645801288,3
1063.4846083691154,37.19743319463497,29.372518889661208,32300.857769385533,11831.861793160318,17,0.0,1,161.209962638025,1
111.66116578133753,222.1888467498755,118.63443156924319,11714.64749962282,13995.242128592785,81,42.0,1,243.08791202535485,4
120.25976271983498,559.2901630570414,102.62426619660734,36593.857836852534,38068.65182716609,437,84.0,0,191.4588411483071,4
228.54248290186138,506.22557213994213,47.32438558123883,58535.831491848134,61709.33203410415,354,44.0,1,162.75503968592818,4
190.6565407423311,331.3131477988526,69.20402771055241,36880.40761553885,32092.974926020972,318,18.0,2,160.5419140333396,4
132.24518194752136,240.90954399206285,59.14912796721411,18836.389110680968,17349.551138353545,444,11.0,2,186.76460549070063,4
400.4256080255582,4.418109614127938,0.8388005060795515,461.71829684781363,1188.8746548383015,1,0.0,0,18.982383407398984,3
75.91838192510718,2319.8772557787743,4.232672988755104,168235.3947652605,8545.0824211466,1,2531.136747804484,0,48.360831243828784,2
766.2479372568698,5.080062199645369,2.11154103811018,1537.6512685211567,3084.702557388655,0,0.0,0,25.87735170878419,3
591.3607379918894,8.343322820341843,0.6410351929405131,1869.6675142116055,3205.599153323871,1,0.0,0,12.843126747760587,3
645.8866198598078,112.11586094981728,22.49243664402202,53209.38036122756,12472.843099024069,41,1.0,5,208.092238736569,1
383.34764708140716,29.67442626768909,1.7158879810690708,5419.6546163311405,6582.953499676352,1,1.0,1,16.707100593292303,0
40.581824615520745,1243.6489074861083,2.7153560611895626,48752.21706077544,877.5924740184122,2,3827.141200740637,0,86.39121274982566,2
545.856286745036,3.6606559260549583,0.11442020743481261,670.542546330259,1418.6797440789228,1,0.0,0,12.258167230108116,3
50.75920851964018,2280.7448776162214,4.65377879390236,111875.38637166913,4622.5729716999185,1,2839.027233349219,0,82.66110590803316,2
324.1073677137774,35.783937715646374,22.191706005991062,8544.787451011356,1921.49614193489,15,2.0,0,212.54321750059862,1
85.79085649561993,42.964234882332065,9.8213290270591,1690.4767252881409,2472.3689989200866,1,0.0,1,33.644239103900944,0
213.88020154664412,171.28613911985957,90.18263128898408,15976.875130152082,15164.194472112225,278,93.0,1,167.8189351633162,4
1019.427853670365,137.7256778845072,5.3532790601015225,113217.80066198707,22029.314269250375,42,1.0,2,185.623722149503,1
480.0179277312157,244.74709152688408,86.49735736150748,51251.05326484933,49132.65242509491,223,50.0,1,164.55065184963252,4
349.3122316331418,525.9437605945318,108.75514750805561,88238.23800302068,87638.36239323897,108,68.0,2,73.38271443511829,4
440.8642185275672,738.2421829169,100.79806071654983,159516.50476987296,155427.76040203028,165,68.0,0,127.8519572482204,4
171.41413960838304,138.8805363607994,78.83463565901549,10698.559918781286,10682.524753603897,99,13.0,2,201.14282672021696,4
380.3735389368824,561.1443749413932,50.44584747899884,118760.26013703209,92488.31775255466,136,72.0,2,147.8803170527454,4
280.32854347336365,13.02136101070887,7.016157074973705,1818.651418370243,2370.638612946288,2,0.0,1,31.44962123879892,0
764.7452113837332,11.835854016352712,0.2505423920402822,3325.9982041008484,7129.024048609763,0,0.0,0,32.86513316451034,3
81.59296051082907,23.50361830975637,1.735766363374996,583.9202993731132,1097.1051537744504,2,1.0,0,5.616434768401154,0
945.3977391415395,69.264268275626,10.477493013287901,51853.40289446713,17260.65160688075,13,0.0,2,225.5225651712034,1
331.9378919309442,6.633432117051238,1.8431227171185387,685.2782635308197,1499.3336230500458,0,0.0,0,38.61685191693222,3
41.46143852877414,4475.855091393176,1.7810933329886431,176611.9417473503,3044.150039395969,2,3212.2415071507007,1,37.47282661903988,2
40.360358478423095,2253.104044552715,3.107037150768861,87568.72680700057,1313.2441257560201,2,2692.0859889165404,0,91.83091388153512,2
682.200055694653,11.411939993881594,1.7385515298277205,2286.094904196989,6054.29912312655,1,0.0,0,39.324228349017105,3
628.3284783114226,12.881101345440523,1.1826146784612288,3034.4004903021246,5201.4844646008405,1,0.0,0,20.900417003945332,3
396.23732378180745,570.5767500519494,14.095432192752096,129109.57279423144,131411.99798722958,413,57.0,0,64.16070274258433,4
731.5721526867312,24.245677901984465,15.316693371016232,13862.70731017529,2345.6688128536734,22,0.0,0,237.2457208176681,1
499.87426844406497,24.47241709894957,19.778032443296826,10664.678608071337,2066.8359450905846,46,0.0,3,212.94697236072534,1
288.6480950012205,27.103385339088195,9.965189870163881,3751.191884792748,4636.707352275754,0,1.0,0,29.16384903020361,0
508.5401937208466,615.1960571790921,94.74754149413573,139600.56431918475,181669.58823099846,181,42.0,2,182.60468766488034,4
940.5095212183186,118.40048986651179,18.98805365516011,81664.33201169696,28895.31712386166,18,0.0,2,276.21208860185016,1
62.086887079140986,1869.7905360308011,2.01671085722263,112563.36058078814,5647.055776057441,2,3186.9793619099337,0,42.703588764828794,2
126.02328454269153,19.09234408233997,8.570575047135062,764.6472463007934,1680.259955405006,0,0.0,1,13.357988240233354,0
226.41389415731112,46.788375295192736,1.087180376547615,3373.7464330658095,5641.675640182621,2,1.0,0,48.563437165283005,0
960.8859776715096,25.55614878805368,26.21026592887688,17772.360453749385,3299.793162786414,5,2.0,4,269.12197597757347,1
43.319944350856915,2126.038483089502,1.9769348014563142,89559.2090674635,1001.0844530719008,2,3378.2336530617395,1,61.941004292299795,2
332.143150840838,49.552423254691846,1.8307981447469783,6643.734905967967,11117.297584250251,0,1.0,0,11.147959914891297,0
767.9865541047338,3.2358466023417867,2.0546666837414214,563.3177536621722,1928.38026374786,1,0.0,0,10.995224732673215,3
794.6281193075295,12.004801966831518,2.890018596307947,3395.3121414059765,7392.773546559139,1,0.0,0,10.372291451804786,3
391.4357860142756,612.6765321000789,47.88085294449878,127790.39317262766,139063.04904824993,466,95.0,2,192.5917631119052,4
98.41953330162059,3049.898816478068,3.848472225336541,290236.248269074,10823.986198710842,2,1481.160374574572,0,47.212593770977165,2
641.6943165717087,5.645986329073988,2.053911392816104,1396.8191840475456,2425.6143892009354,1,0.0,0,11.51726698237031,3
98.97689945469133,19.048836569792165,0.6495576734589313,572.0852564358677,1288.3292073458463,0,1.0,1,6.752210750944952,0
1086.3803619601417,26.13557122065927,28.919665349977386,23731.935757571613,6424.670392731012,12,2.0,2,218.51823588649037,1
574.1818655107402,352.8747862015233,67.05109183638362,112616.88966371461,103822.73523173593,476,41.0,0,148.11677592090177,4
65.56171614459807,1654.2201536552725,2.743393438054433,104992.86691952035,1154.4148365953956,2,3428.9516563691504,0,20.222858564080738,2
586.7344482473696,355.03056931001635,79.10644685364889,102846.82162189986,102828.69707093103,56,54.0,2,181.8119700991903,4
497.33107714698093,228.0813683904086,98.89306304838533,59256.8733178211,49756.6082135738,379,32.0,2,80.7653153447105,4
160.8094931816215,641.3236802421545,17.45330110564621,59977.36640170809,47061.74231368201,111,13.0,0,76.23702078415972,4
101.89179160442673,2822.4654958673627,3.4476163390692967,277503.5248439512,10950.670017288689,1,4270.4388406346225,1,56.132436416242285,2
478.27811184417817,12.827125512032975,0.22860589966544337,1605.4152400475268,4514.585268579348,1,0.0,0,34.72087877309829,3
1104.961880169914,126.32058624392822,11.695449162972958,120254.36116357156,23906.899974752854,28,1.0,4,298.17095088640184,1
100.57297531412814,297.683030192105,74.2442523609284,15540.966604142568,16628.962893134594,56,75.0,0,195.0621151081401,4
1115.138820404896,131.08700666839744,21.128915770714908,103856.1526045058,37505.41607166324,16,1.0,2,191.86538776776575,1
105.05147122394692,3446.3061819176046,4.116375773527082,354350.29778002785,10814.412171335993,2,2420.9468538841065,1,14.370998775336638,2
430.549553842778,9.014194792042527,5.585687858147473,1345.3425265674252,2206.712551847208,0,1.0,1,40.51270573733022,0
917.4649906119122,81.81184298025538,25.77474455884293,58297.17090245755,10032.131576960124,15,1.0,4,219.93041531460787,1
393.58930449424514,12.4081075333666,2.9192538776507746,1186.5037110335143,3112.7833816951265,1,0.0,0,31.725097242243276,3
181.42844605968293,29.28002992229773,7.41549817894206,1708.3534737773016,3384.2073458671643,2,1.0,0,26.977735852922283,0
63.056215508003106,2027.9669412437902,3.6566110602179283,123627.3086655839,6216.870478214709,1,4027.4192032827314,0,36.34673937248439,2
132.00004137619345,195.35944482291433,29.918877253873514,13574.423851366886,13490.912241424285,438,29.0,1,124.2239382437464,4
306.6236189365979,67.68378168401489,4.785850728443011,17709.313779533666,6086.04891631951,30,0.0,4,234.19045339365357,1
669.406841989258,131.52151185727357,10.537287482781778,65021.679869328866,11076.86264408537,40,2.0,4,124.30938802693748,1
115.29497641447156,15.231078504324445,3.7459077680207478,660.6005682005035,999.6662530062637,0,0.0,0,18.74859397961106,0
947.5206367465048,130.6108584518724,10.011781188832801,102481.43916985473,20151.566847279697,5,0.0,3,289.86608555580995,1
564.1226732190378,657.8823452270691,77.02271832205558,157049.74249094876,170085.7703630734,123,88.0,1,68.65097395707416,4
744.3933833581086,6.26334438817932,1.3263233356173993,1556.7547753730487,2813.428844338097,1,0.0,0,30.390253934219047,3
890.6227420813416,86.74648462635662,20.216982651058895,67828.03817895912,14531.292542742056,33,2.0,2,187.49308369315665,1
74.88332663303602,3492.5894693438277,4.362213427005057,255601.35021031857,4795.127057894058,2,2241.744515608142,0,39.40669562296341,2
286.46578428330554,435.6477855347818,31.673859511475964,66897.97923955257,55446.63384806784,448,15.0,2,111.20304824291077,4
697.5293160274528,54.2004038901448,22.28281796794525,27897.740620780456,10527.09253465058,11,2.0,1,176.36479519707245,1
544.7057154768532,739.5256167168012,60.677048195087295,226127.7119626159,190389.94985478817,492,15.0,2,213.1231830694055,4
203.50041577902257,792.327469229057,101.40517953121645,83488.65441805936,85855.61138680813,184,21.0,0,69.8944299839003,4
208.5622087932965,43.47635907289708,2.4672201875031243,2849.3035563239437,4658.908360112746,2,0.0,0,25.70010780113595,0
601.7931351094245,95.11763629648664,10.620475507682288,45531.89374913065,14803.280509668975,36,2.0,3,285.45050742617474,1
243.5297761308457,34.29380602179294,5.681602759365602,2609.4844231381303,5031.821073429443,2,1.0,0,7.338045989942079,0
569.0396816381251,652.4264567075205,116.09667632128654,193671.9348189092,173286.72805971422,119,82.0,2,191.25776280780147,4
53.17017972523321,1594.6902547847285,2.825231646632693,81858.99032684979,3270.231820351777,2,2019.602089290816,1,11.284928351724911,2
77.1609800403262,4915.718588067961,1.6895618733428628,365760.33810310415,14859.917882934507,2,4233.65328179822,0,30.464195877491118,2
278.76011484843775,26.743138849115084,8.463189000277104,2775.3234222561896,5009.400410505889,1,1.0,0,36.433878134411174,0
135.7138233664679,684.8280487759813,20.07112999980462,38219.73443628722,43928.51906790644,342,73.0,0,192.65634447644723,4
576.3737237983518,14.579412205526513,2.9888258097066815,1876.5073234138858,6469.689604801711,0,0.0,0,35.16538047512613,3
50.206117513335435,4437.331278895006,3.379330855550016,214630.3164723443,9498.099477219652,1,1994.6011854919368,1,20.396611009628394,2
138.17032194684674,45.42071287789558,7.879631655328936,1978.732853562047,4376.399078556893,2,1.0,1,42.31914053565917,0
246.50187649172926,18.16323914643134,3.655952923999555,1606.2447189294614,2275.796882653952,2,1.0,0,32.515862505154736,0
63.72966894671346,4557.787033406708,4.997459728770715,283731.5503807811,14406.901207261433,2,1952.756784363397,1,44.979040138916226,2
1051.9692535558418,66.3591586736702,9.319124863691057,62081.44798213713,17121.108578256753,36,1.0,2,222.4543550254359,1
649.4925540872428,7.931120572693362,1.6403194344375251,1181.0432085624486,3234.720715683766,0,0.0,0,16.022348475085888,3
264.18318971988197,49.101465887846466,5.179871892932261,4744.433399601531,8129.15848381566,2,0.0,0,10.799587485979215,0
665.03633422091,49.50721013129773,22.829345244460253,29099.68372027463,6082.858768207925,30,1.0,3,217.332962139454,1
46.37132850312185,3333.74253884354,4.79148067447872,149860.05938902195,7148.919367318586,1,3930.6239529673094,1,73.73529296520138,2
497.3133955133908,625.9151069565236,113.64872910244172,149303.9166437736,137359.03341725736,138,86.0,1,246.7383716834353,4
49.7171816725702,3434.1385731089536,3.811164085511384,165291.05394577418,3368.7728436247535,2,3508.619569030664,1,90.98715536642754,2
100.96867733579501,2717.2846677508214,1.217464713760735,262492.0235980356,7747.115041376987,1,1695.2122563330984,1,58.46469856705537,2
141.25593044087933,18.242003148670143,1.5905708088871608,1258.2640683251295,1692.5426664406182,2,1.0,0,34.85856172610535,0
434.19905978809015,55.05247189849654,20.33357998085847,18597.51446562934,3320.4576415018932,44,1.0,4,188.5144484657169,1
744.6132968317108,10.651148546784894,1.8885404336672185,2578.998668295008,5228.5345343603185,1,0.0,0,13.026664063175769,3
281.6664128363292,159.32871941270963,61.12143404634722,25516.517646010012,20376.245036925033,249,80.0,0,245.2831248547657,4
803.2221356579637,62.32554722747149,29.54072439268568,41724.56930858808,5445.131644160101,34,1.0,4,108.32438463265687,1
477.85496131554333,33.44717746339059,1.7344430365454415,6585.247791675617,10487.121625790984,2,0.0,0,21.61763465969935,0
171.93287140342193,535.4416564974756,18.83554162584867,49613.39712739396,43854.431673793835,459,40.0,1,172.80166780778745,4
871.4060726437368,140.42007599975548,19.336705238805635,105839.1900281229,29093.261805746602,25,1.0,3,109.09911732166597,1
484.7517330505995,10.593375056849514,7.44324101443462,2504.252172892322,2753.710505517363,2,0.0,1,37.47184478380747,0
606.4276807826594,10.947700714784103,1.586935763827153,1959.3660582296473,4839.952190040284,0,0.0,0,21.44010930745504,3
485.2058183556366,706.1761674505743,113.9210469312319,182591.6957600861,170087.90637118224,163,97.0,1,88.0704456720627,4
441.3611068897754,41.7682431927176,2.9500768569269282,6160.521781217269,11682.710267626071,0,1.0,0,29.076652942020974,0
779.8634190194807,13.426900000862451,2.2885793105176098,4049.136006410532,6743.690440078164,1,0.0,0,18.30340244397324,3
896.6951114367486,62.164955000357246,8.549114081221697,41371.19454853362,15130.789961984492,10,2.0,5,109.12901496922001,1
59.32819696320319,3688.802654260449,1.7870351106866225,215748.0559405432,3112.9085071734767,1,1225.0010222062078,1,88.29366061572942,2
48.29841316339953,4343.638328823819,4.258215148079987,203779.1151726522,3282.5220060427932,1,536.0226570579009,1,64.01264348920841,2
581.8416361302511,380.2176294617791,50.01823192755683,119620.90368362307,96398.5943544812,195,55.0,1,122.5640060942663,4
61.866310133271256,4698.650753166383,2.416984012756977,283847.1661780327,14528.553035865667,2,1685.3923075223229,0,72.67940134319919,2
470.6836043017311,68.16388681773685,17.929799363652055,28116.2205510334,9252.311321015288,19,1.0,3,190.4004826189124,1
587.268857263103,6.098331345872788,1.5875861699517937,892.6447610700574,2767.4576524447484,1,0.0,0,30.977282057364217,3
617.9751152269224,12.167315931293384,1.6451920978065697,2443.441038606366,5997.363251506538,0,0.0,0,37.97889897218079,3
337.7619649176053,13.7423279080419,1.1739387114993127,1760.835896700336,2367.9476433669943,2,0.0,0,21.901232868797482,0
320.44733999656546,95.99060472372956,29.14101074395701,23856.415615337908,3457.6427451566165,23,0.0,3,116.53155472593801,1
700.1979355227852,129.2575575709826,21.636213578474756,77636.6745261013,15403.658682939265,46,0.0,0,144.33131845453454,1
131.059862743741,49.55388692303669,9.571046433865448,2590.893823898152,3913.2377661899195,2,0.0,0,22.6606183803266,0
419.4778317671797,715.2642318167767,115.81172335976558,171453.27798846897,123616.75352921564,402,14.0,0,158.51404068161355,4
240.49211508114712,34.43341079173992,3.865244284225358,3354.626086509296,4938.162040286794,2,0.0,0,39.61872021386029,0
174.09381486413463,5.046326593053503,2.009913691129187,345.88585909013216,605.1877405128453,2,0.0,0,12.363071953625113,0
666.9350436064208,6.184587452941531,1.106204519311003,996.849664560867,2842.442808690078,1,0.0,0,17.048456885001784,3
81.55544140435457,2867.2436240162315,4.442906648826522,231062.0246404779,6298.931912607743,2,4006.4211134823936,1,46.29343791002385,2
604.8656765949604,5.5665160200196375,2.125857306879125,776.3281216397576,2092.940818003819,0,0.0,0,37.97283348936446,3
457.1317314109244,252.43383298431246,29.42857686270506,54427.97784165007,61235.55892136256,409,49.0,0,144.32861942034472,4
53.0491740093343,1996.815082365149,2.3674624070494015,101345.87028477823,3523.8527600862185,1,1003.2093453842053,1,48.104807416071566,2
579.0244878147437,2.7359946507514046,0.5926603379663922,407.23576099534637,1040.0722844015972,0,0.0,0,33.91230419688269,3
329.7991210824092,45.32183598457486,8.271254116817584,5239.896637000786,8284.994840381596,0,1.0,1,45.587308853711754,0
486.22430723999435,79.81334145249943,7.416522384334249,28797.82038641393,4059.597197960731,7,2.0,4,269.3783897910822,1
86.21886161286736,3060.33750468714,3.7428289171443034,257521.26933854568,7116.226912395684,2,2819.8712808125715,0,56.19147148868132,2
86.42657522063273,1901.8295469506347,1.259596868926899,160265.53351540223,4384.363420271637,1,3372.0248404305917,0,40.48671366581337,2
109.18047164830794,2781.8347534837358,3.85628470456934,299075.77934575477,3561.1746805663847,2,3535.1765708172516,0,45.83394501262975,2
84.96926476834224,40.16815167881367,8.365438428186174,1536.2188615621992,2252.302528233549,2,0.0,0,41.6558624104122,0
53.384110399452005,1724.7778378767307,3.6877755433946007,89164.23441023813,4573.507894268616,1,500.2113077291872,0,98.58166451214841,2
365.9010243707862,23.208940439196,12.157100811176257,6873.05074411883,2275.5978016701306,28,1.0,1,281.7989746470897,1
493.39605043132656,706.9221191436787,21.563104283763636,164377.19012638455,184137.67985434673,317,20.0,0,67.30185378794951,4
994.662892397889,79.3211866716251,6.781511280093433,59444.94544183445,15923.373475678656,42,0.0,3,102.77284834134882,1
449.69855373289477,356.70155046405716,59.72842277470326,69199.39200431049,86047.44009184741,84,59.0,1,79.73986365950964,4
690.8103012680428,29.819324990397988,19.300266323537027,17162.91481172792,3620.0493294139706,33,1.0,5,237.0034563886234,1
656.508855341533,39.42671360737825,28.0381966340744,20493.414049497354,3528.6677207718185,13,2.0,3,169.3930908120289,1
358.3610666612553,10.221020660667618,0.9017716176154713,1512.4712092130726,2512.8169272820637,0,1.0,0,5.196347134263909,0
772.2439399226218,5.5479824579255785,0.5920171356444847,1271.6007570694935,3172.048790372819,1,0.0,0,34.7076947251189,3
358.8940852402847,560.33186452842,66.28295170937523,81589.7736145477,83094.6927743344,156,51.0,1,216.27525674287412,4
439.24600167869335,14.26112066209354,2.6638033173056206,1357.943503594184,4405.762119608575,0,0.0,0,34.0725486153611,3
744.3580473063732,7.8907723092204956,1.0141920223629612,2280.373823737893,4522.074494930822,0,0.0,0,26.02745268768476,3
90.36082577221197,2954.824673566408,4.559854820548991,262678.5926175457,5841.382321551754,2,2166.8346553889196,1,84.04875419206331,2
624.8285331769005,36.664064338882724,5.441812639971237,18874.834631495927,5385.996262476371,31,0.0,5,89.28410308788565,1
136.24929700252727,726.7091863962629,58.810889881446506,52669.64580907776,58609.90622904062,381,17.0,2,182.03452832939138,4
415.7183745869063,49.31862812431141,7.665358466979767,7763.1074740333925,12673.259289684984,0,1.0,0,23.651137199270448,0
481.82955716580335,9.542234309886949,0.6597351885590884,1656.9889846572767,3451.3297532920506,0,0.0,0,28.532215018749937,3
574.3059934063247,50.07084369409816,22.57581457398883,21880.86291105598,3888.0374768595943,35,0.0,1,264.93918186020755,1
157.97102279302067,21.21700189686564,1.1508013629563059,1517.0706135438652,1949.5374907876262,1,1.0,1,15.474341619557993,0
189.87345066912928,478.0010941807697,87.54042210685584,48627.33011359772,47414.86529719462,76,94.0,0,62.1220714235627,4
286.54856520584525,33.19666299919446,9.300634763935824,2890.105047624625,5663.418592772663,0,1.0,0,44.24217523011534,0
452.0648631028501,8.793559157510767,8.168298528516287,1877.3714740055273,2637.38749864888,2,0.0,0,5.407437271116694,0
337.62973439836134,20.12082419309494,27.290261565651804,4788.819875536388,963.9217371689332,17,0.0,1,280.57969292081066,1
42.57322162581051,3498.3890060806175,2.6673384608911745,144828.25775009277,4047.062070906512,2,1540.8454717430145,1,77.43126975422204,2
796.4517454496322,7.143408675557262,1.9112200441604439,2233.623334355503,4359.81192441299,0,0.0,0,16.631054298018547,3
303.47506364658466,105.3531513119548,27.395594516270823,23459.49125133919,9389.085859620083,40,0.0,0,183.19314376582616,1
55.00887908363397,1086.5916103489917,3.080078185158095,58409.32936685778,802.7429773989065,1,4217.122606743236,0,98.72261389075825,2
274.27332580168877,511.168516688053,44.18378649096635,84096.08734162229,77077.38988464471,428,25.0,2,173.63045805191146,4
458.7050703242867,23.36648913243307,9.985928850293298,8690.355147212886,1075.2651144332447,40,0.0,1,132.83335112484312,1
1171.5163568041391,55.911062411008665,24.18694171004678,48801.18224022766,15477.29862076421,43,1.0,1,203.5251476220689,1
56.483884817031196,1590.2073873147997,4.1877910223009,85555.99971359766,3365.008853695878,1,1753.4776257214317,0,96.79450769056339,2
96.42850690843365,2669.8982243126648,4.032294005683196,248631.14175301415,11084.57318490699,2,2987.527855561574,0,57.014497488406164,2
235.79946179019885,201.8776719258524,76.67368277712755,23698.31070091189,19954.797985354966,496,45.0,1,215.378646765118,4
93.21062881469804,2755.634960824955,4.812668707084669,250260.6359558548,4828.858566331262,1,1673.5587023319133,1,39.12662121224311,2
474.06814331746733,22.890740948938504,5.418637830011061,5073.658975176375,6892.37242204658,0,0.0,1,46.61121282253532,0
403.3838959852772,331.6663432696552,66.12836033200988,56999.78468779116,65615.0910429095,435,67.0,1,147.70272799915062,4
105.6397155726284,1178.8277256754477,4.02172440248811,119634.8240781446,3620.5541433545386,1,1855.2046797084517,0,26.668676047950413,2
149.38322468254174,11.336132700170424,6.412929594876968,772.6508880526549,1042.5753762062152,2,0.0,0,28.726933141186546,0
196.99010605300273,790.3888231068958,11.652494166166209,78106.35336182182,78351.139257315,373,71.0,1,238.98818128540273,4
489.5619553526108,14.14390339559946,0.7177379436944704,1528.5421814544486,4630.166299575592,0,0.0,0,14.295925116407263,3
580.0162687909981,257.97956534165456,89.78859590904644,75729.62080388439,66275.2179189648,240,75.0,2,62.22752600244472,4
40.85535920908011,2756.842043727498,4.373048171287057,109205.9081203777,2529.1484318580547,1,909.5778511727062,1,28.580070917458034,2
442.84067273568894,21.905251334677693,3.320258108322667,4169.435320942591,5487.362918908845,0,1.0,1,22.827771122416493,0
100.902036508033,4820.971073149374,4.550897591573284,468314.7477756634,8094.209459254156,1,1099.4511955462065,0,52.585538646786084,2
593.6355202774421,81.54663571875278,25.92732700966105,37178.13873766132,13260.668708816103,47,0.0,2,229.68457102775486,1
423.40652485936135,33.3517945315992,8.652143745385484,6449.997801997315,8272.254478296134,1,0.0,1,19.63807782627865,0
330.99917139697425,124.54989563497276,97.08896697198811,23777.127333990567,22146.88738560086,166,12.0,1,231.90771398267773,4
307.4143254362219,33.15129549728035,2.317312609725651,8252.074736357183,3003.1262130670275,17,2.0,3,146.50087410921867,1
367.4120155215979,40.69676076972145,3.5092359321415034,7049.1346205714535,10186.057029182486,1,0.0,1,27.81729967394485,0
345.54286240168693,7.01503027271007,7.738114791257947,1186.130109598867,1376.7163153684007,1,1.0,1,33.66060428546345,0
769.7404438574378,7.571329891474065,1.1392661337639551,1679.0776560352317,4102.245166361697,0,0.0,0,19.749756857907652,3
308.5864953311848,14.319471490054157,1.1691645291625197,892.6765917275206,3260.3262911812612,1,0.0,0,34.58552814251759,3
792.2213993314405,111.1215974523399,7.43965998805044,69496.71661505605,23413.60645896411,26,0.0,3,225.9397574832299,1
358.9598361988795,14.705381857897272,6.7594119672102435,1999.4062353792924,3326.8458104070687,1,1.0,1,12.16793503592623,0
427.5544853573532,425.20219692817744,26.738778772444256,91465.53497507359,78454.31125141442,439,16.0,0,133.46829465326516,4
160.1868113820881,31.920138232868247,7.488799585272304,2554.902685154002,3510.8288293317723,0,0.0,0,33.68989690116034,0
567.9379847030498,768.9680635284103,104.22669078145059,248398.34348282896,183308.93464572183,280,54.0,0,82.6242231734227,4
73.66747107093346,4877.021854878723,1.2243206770546835,349813.483710969,15927.642044146085,2,581.1198950696798,1,31.852134984364767,2
83.05554973475225,4168.6765449118575,2.9790289583432172,333074.55531108554,5683.38312595511,1,2158.083317560724,0,23.825669815391606,2
946.419830009849,38.91724905036524,26.583394709990454,27765.401685689867,10918.907716941952,11,1.0,3,157.37842449604352,1
112.74569451488372,583.0140961206973,39.03536169858352,27165.970639468833,26481.6006728004,445,22.0,1,112.98190950534325,4
580.9490515007133,7.63395102549423,1.4308579204663325,1746.9854387454966,2923.647223031732,0,0.0,0,10.546159093095957,3
1153.6326078296895,65.80251705283011,3.2068030505530736,55857.43902081351,13545.994819883394,9,0.0,1,247.9734856070067,1
463.03525116356167,3.7362574562252857,1.5188894551030638,604.372280163261,1076.0232372152698,0,0.0,0,21.240186695259467,3
104.12845412904345,4166.864670337086,4.910697656514831,425847.7688437439,17701.523151977923,2,2699.915945535457,1,42.61882700689936,2
354.8619006235601,3.5827759694198194,1.8239741792465949,341.9759150296161,771.7102108605585,0,0.0,0,27.155397993589588,3
312.1186226476367,444.69588257901626,104.19886836948595,70042.7402472476,65580.87727338268,344,55.0,2,86.41350231485791,4
212.76542651789737,133.3017413395722,14.508706708719,21798.84470954519,3620.3843828695326,32,2.0,4,168.80227278856512,1
508.06278682697695,595.8610972159083,101.16186923013247,138389.70672069944,132301.7125789542,454,26.0,2,211.57867138690094,4
228.28133495160642,741.2525340849719,64.99781936785124,90342.43274298613,77193.71491717946,445,73.0,2,114.22780807928015,4
967.2333941592229,46.76535039965792,11.007218323636664,35874.18126242265,13056.018055009816,15,1.0,5,103.38127254551787,1
279.715073187285,108.80485714399605,28.111867843766905,24808.051551673296,3811.0836466165397,44,1.0,3,256.4484194622311,1
309.6095439264084,24.237582409765025,3.600215093853879,3511.4486377085846,3967.9353687683792,2,0.0,0,47.59054309176825,0
45.88650355917527,3516.454479648476,4.172041230502398,154146.03590216386,4961.033955454577,2,3443.741567749782,1,24.662493370145718,2
852.4759555072321,26.85356962348515,14.492772258755501,18560.757865219268,3653.3604361392704,49,2.0,5,235.67652886291776,1
803.8030788437534,84.13440644680946,3.1219344177514667,60652.69238509321,11949.523029065034,40,2.0,0,142.54342360100105,1
402.2974283039854,10.757161603030243,3.8013172830392197,1675.113566607344,2506.500191974067,0,1.0,1,47.20843541452524,0
484.02509971447256,5.462802317106141,7.302474745800373,1166.7218494055446,1651.3615652555459,1,0.0,1,17.51581199689756,0
318.22241207245986,72.19468937343393,24.207599062965578,17094.97010617837,3151.8515710072993,27,1.0,4,290.24288279862765,1
515.5306221453947,5.974398990941983,1.1595943861513087,860.502573747549,2354.057891366956,0,0.0,0,35.49927301328786,3
377.7206512204132,604.5776596579606,37.607009702783984,98518.95738060899,104043.93053435795,400,44.0,2,94.24706958358043,4
613.3884870231152,9.194999135024158,2.8872012374145557,1338.7746210442394,3780.3134584813197,0,0.0,0,13.348095983556753,3
384.67347224652605,661.681947205391,79.22988202571293,141925.24644907212,137283.2032211582,463,90.0,0,59.20662722834371,4
595.6790711631766,4.98779686053355,1.4881917126937145,835.5260225806715,2301.5290505729454,1,0.0,0,19.548296383584415,3
247.86291546523086,10.952429500639868,9.055436861745664,1189.7024807069445,1728.2785480657217,1,1.0,1,10.298798730056351,0
369.7090963767335,399.114230264143,116.9980970917525,75554.43716082435,66517.32594184781,301,83.0,0,209.31072462026407,4
367.44475385685234,23.402882498642146,2.146296040673035,2848.828680704359,4730.014268794969,1,1.0,1,13.22896986982883,0
886.024223935891,52.487223812795676,3.836821418460827,38976.87257711583,9974.45390947964,9,2.0,3,192.89740359272417,1
471.04750287971285,6.358748122033118,2.9580673939547135,911.6609129165431,1881.447679258614,1,0.0,0,15.387436855273904,3
850.1132234192137,116.46291874436884,2.8823652063019245,71712.61337374045,22436.5964198395,22,0.0,5,249.34091202531363,1
73.8428943265748,4385.105818678501,3.6808065173625053,317109.5432807126,10845.971522601973,1,3988.1189393714667,0,16.113323292967447,2
338.47388309476736,791.1411501057806,88.92209701930526,142323.96995271283,137663.32327264926,119,91.0,0,157.6230250989043,4
139.95755467330338,100.38792920967774,76.91513415400739,6637.661273582911,7734.020850278689,426,33.0,1,174.540079246588,4
1009.7704038972623,135.26001356861622,9.365012971090048,101741.22743181932,26374.053741224005,42,1.0,2,161.18390113045803,1
449.46383047260844,799.6213470304815,88.1156070818781,198510.1383689406,211210.19066184753,86,79.0,0,220.1611915934898,4
254.83510004507977,590.4370507136107,34.660976872333876,78895.13920027783,77932.49999513962,484,94.0,2,210.38925514835506,4
44.77004195098151,4249.824709675617,2.202756270508441,184943.07208998452,4110.422530597037,2,2819.847922140444,1,40.02534018799133,2
287.5745629862382,102.40047643559211,27.60926072642536,21842.30738646701,6862.9378205814755,18,0.0,1,257.28869517349364,1
486.282276621153,32.16367402517188,1.2313049371171796,4928.622375324289,10796.48300693031,2,0.0,1,36.31088649449502,0
90.42373976370067,35.84279045507026,0.7371791101405432,1083.4367228509643,1914.5330381215483,1,1.0,1,45.95958656904905,0
1135.9941790017779,108.15592519976404,13.604034749077025,102949.00637821997,20739.027450243062,24,0.0,0,101.99675444643087,1
74.2874045854507,45.43522721036777,7.940384926336947,1539.3747917840126,1996.8039739354783,1,0.0,1,45.47548456457457,0
501.1106594856509,470.63801766557583,85.28939533095168,123714.5155900182,101548.20485632768,124,55.0,1,180.5636047307881,4
68.97826911509281,1869.848334365551,4.71521607999116,124113.8183868031,3345.2364256991204,2,1058.5693208383345,1,83.72171994049012,2
425.3279900207848,3.8166285743366064,1.231495074287997,416.9124191619608,1211.9446961861213,1,0.0,0,17.766662259115137,3
580.43140814099,600.5222890908004,92.43214697958484,169817.2628248239,147090.71118876783,79,64.0,1,147.35587016030874,4
452.7244338531685,627.9407643947113,36.66643045066813,123298.68836183299,136134.61644688275,452,88.0,0,135.46596519480158,4
109.44201402443959,22.303009744016563,5.132837151902012,1050.6669441652527,1684.4707983793926,1,0.0,0,49.272814078494704,0
251.0197293755429,29.340725172713636,7.116083166843019,3243.8056356970255,3935.4590368452846,1,1.0,0,29.600836479467993,0
213.28120345858008,90.46198880236439,14.867763370154613,15431.091007025285,2208.038139212349,29,1.0,0,248.33274696947808,1
1152.3867523987246,62.74694032031921,20.544784684460158,61488.82616378891,18973.036563980124,24,1.0,2,256.71387902625736,1
583.3337268750822,10.504188055895119,0.9924735981626787,1380.4234387574113,4608.829902655129,0,0.0,0,39.50982412479957,3
77.8260499917042,3574.304890959281,1.4323099746655532,269119.40464329306,13596.599698715416,2,818.3525894881698,0,38.26988371804337,2
78.52315581572596,3125.567172553751,2.21099028188493,238013.68026738174,3749.9942915099127,1,1749.623590718527,1,70.11757547399662,2
592.7023917403158,139.78734275587374,88.96127537549803,42768.62237195277,41435.088890723855,187,79.0,2,229.19979033618267,4
388.38011455052464,9.696836000813917,1.6663384571521782,1125.227406616852,2646.351103814717,1,0.0,0,10.46941953826198,3
467.0367411841672,48.697621032441546,9.470531646577623,8980.139096028535,15292.976009352153,2,0.0,1,28.5095559232026,0
568.9960333634328,262.8957402722101,13.826347894460746,83562.4045199077,77661.89881298406,265,17.0,0,180.64625376136902,4
274.5093562712216,770.7999397011316,19.14779064457114,111874.56482286719,125779.53115935488,320,26.0,1,82.54982155647612,4
269.05107661847273,49.25404134026793,4.288832203223254,6139.402864380504,8741.836849232392,0,1.0,0,13.393332967993441,0
243.97798806454398,36.72164973600289,6.183717553547469,3511.4648117305605,4615.698759707885,1,0.0,1,36.26134118844921,0
563.3748749403738,8.991891700941,2.364082187548915,1331.991822238986,3527.733554975042,1,0.0,0,22.012493835124822,3
365.74411010262486,14.281345122626867,4.222664045286247,2502.674171947933,2825.1008144917887,0,0.0,0,39.942018619295816,0
369.5983067084428,9.542846527977026,2.6755129651332688,1039.4407368910997,2642.84305646311,1,0.0,0,20.039718613735033,3
767.6251571971665,5.887836024914961,1.1415754220384642,1552.6839619024197,3264.3681574225484,0,0.0,0,34.616842353972935,3
79.1862448437378,3069.7302392518523,2.7294239685870587,240568.89828946415,11449.683834369484,2,2688.5105702756023,1,85.57882516347426,2
769.54065244351,5.53454818494082,1.5783528496401862,1001.2666070436884,3242.174922696454,0,0.0,0,38.42819486214716,3
251.26345917599818,72.24391526077613,20.865174433954515,14341.554340225879,4534.299782996031,32,1.0,3,121.0123570678744,1
370.93640242084825,74.35882246116395,23.20392339171402,24261.27881840322,3222.3278760947783,34,2.0,0,91.52608503086947,1
80.72666453519614,2733.0029707830017,2.5074239319364353,215836.5770233401,8133.747710833308,2,1863.506158335746,1,32.718807469183595,2
103.56501011050302,577.1889290579842,39.55345630906103,33656.40360487594,28204.65324956573,238,31.0,1,98.43442460945542,4
483.4341971431147,11.890803390252856,1.5075813959906634,1380.8667071840678,3592.1001845129276,0,0.0,0,31.74494120572927,3
422.43697802169834,22.118900337840305,7.868312583790611,4605.535805437741,5052.71300393311,1,1.0,1,21.050193836379414,0
276.9554123415336,628.0514780492879,45.54553268858091,96982.25213354596,93227.5897768822,166,59.0,2,221.1951720790287,4
743.2225056986287,5.574601763888337,0.5014836399500672,927.8768379160749,3065.937000074851,1,0.0,0,15.091703192436189,3
151.60708825534863,29.11224580128866,1.4184262716438365,1721.6403337645427,2874.2953538397965,0,1.0,1,49.155636845493675,0
380.1808989399424,19.535503927379622,9.972242492275786,3683.481482190619,4688.137531527253,2,0.0,0,9.186371890701224,0
666.6831558308642,26.852272680947067,3.0518544272314565,15099.160937729843,3716.7853930353963,43,0.0,1,100.76744469884902,1
547.2790014386915,554.1134377117787,89.79303707748389,154612.56925908473,144617.81964260127,175,92.0,1,132.54334541660603,4
450.8896115681382,13.018342351620431,2.3009026509825765,1522.7298465157958,4022.6601981722756,0,0.0,0,38.624670083311,3
686.0441984846542,106.33308724922583,16.78532857210638,65208.43379144985,17857.80548391679,41,2.0,2,169.76890155261964,1
539.8539912020267,785.8622141729081,64.31464405099277,202846.26733464428,209744.3548794869,193,53.0,0,58.95447450361901,4
421.26973663289994,10.3955414406657,0.9805955726390428,1663.0285088356343,3147.4371136150153,1,0.0,0,25.886892809450117,3
307.19356997333085,37.87927296076607,4.919453316695322,3630.847223070449,7126.741955873502,0,0.0,0,36.050220086929954,0
496.33254626743945,48.68374809518016,9.451996201895332,11037.048238518679,13796.49400854018,1,0.0,0,34.71362238656022,0
324.25306107834206,49.980096646269736,7.809764493779447,6151.4379771408185,10785.397609622887,0,0.0,0,39.33020009994639,0
518.0674343893703,449.3583107451676,81.77493186700882,123698.33390360918,130534.9985669978,52,26.0,1,113.8422071774545,4
593.3877986927788,284.5887788157469,23.92832338598503,80036.73639281162,92492.8519836642,109,14.0,0,110.87887051039934,4
303.9033472444451,11.017889594625665,1.0357375987781858,1052.4533439795712,2649.720408869586,0,0.0,0,34.70359161277962,3
115.80270805867562,2423.3836449798823,1.9995048406619107,273519.9410100237,8406.378656753364,1,2214.900567005926,0,16.689839622431126,2
479.12082501849204,3.287252497637058,2.298421552147013,502.8777358962351,1031.424660158328,1,0.0,0,20.68269021264241,3
608.7437628085279,75.75946473418233,18.395716217928513,37089.77970400928,5993.29755922592,34,1.0,4,145.15888842297966,1
227.7514121195319,610.1323249571249,119.5450262973772,77735.71737518253,65083.58785826898,259,10.0,0,195.00136488946242,4
490.45762607726306,749.0286382155433,118.89284466092995,189655.5194348996,154946.62144632317,468,83.0,1,55.54506495236984,4
536.7105653167228,12.780726807896684,2.2160917368034854,1659.2271657753477,5417.511066845104,0,0.0,0,20.758702210697464,3
124.88794707375243,6.348811544270507,3.425334445116314,349.61388368452907,428.45453841155086,2,1.0,1,13.475708769452066,0
533.9024715265539,53.05369092856097,19.669383011566175,19969.385005352426,6915.529028994233,12,1.0,5,176.36969669918443,1
797.7746323697845,3.2643048061219213,2.581320276452178,770.8283316467894,1993.3172675239286,0,0.0,0,18.990752976236937,3
121.01820109521036,779.2686759547412,98.7905224928952,44525.550461117244,46811.61606641527,242,12.0,1,147.978828426165,4
119.04664929757946,34.6833214877634,2.035388207215779,1449.6629540062331,2846.1875821324834,1,1.0,1,30.109133245218793,0
66.24329444905564,41.897611283364505,2.6719390344867735,1337.0391695111546,1388.3396599785872,1,1.0,0,27.83604801923763,0
362.2494491339739,13.893418948025815,0.5067749190315899,1547.761073743429,3616.736634806585,0,0.0,0,16.168147571174,3
174.33347670114205,40.15266907041136,8.338755861322685,2793.614745474214,4040.862149059016,1,1.0,0,32.627011314202775,0
274.1761955943122,44.96211262583335,25.5199502508304,10416.55700894804,3438.797112020164,22,0.0,2,258.29604883543755,1
54.36869910618423,3940.0927927126822,1.7544820761705244,204479.15607759406,6826.514625461507,1,1275.9758248935889,1,16.245578344648788,2
582.5729852784718,10.172218078737046,2.587500977640623,1838.1396404490347,4042.413331428619,0,0.0,0,23.24520229867513,3
413.6685552126599,694.1158948152217,35.28565503224798,161791.13840455058,128343.47883142813,161,27.0,2,72.93624847573403,4
348.4998494637846,163.07988452465077,113.59008769455217,29985.89884570505,32442.91995041727,286,85.0,2,188.82868299192972,4
714.5711162678004,46.020047462417686,10.948503935279952,26911.490551950847,3763.50626595711,26,2.0,4,258.62000529117904,1
42.94222341864719,4617.331390130159,1.511173953031288,195882.7752464003,6518.465087120295,2,3744.0867571689073,1,55.14668280307848,2
355.3407801699871,32.87706557043265,4.903193416105437,4392.142833417904,7858.470864670389,1,1.0,1,6.153892961289606,0
387.5044571189803,117.57779937673644,8.607904965458651,33201.37989685638,6245.708822106145,43,1.0,1,265.8554678613921,1
168.27322711305797,28.883180987907615,6.68409468362169,2084.656745893934,2975.7402299464597,1,0.0,0,15.142157060304463,0
423.2606479196842,12.44022948644826,1.8749439021996444,1449.997014960821,3160.716368900121,1,0.0,0,26.602000805002447,3
100.473433170011,3579.3543840807856,1.937795395232158,352172.8496147532,7291.826796010925,1,867.5843683084249,1,85.85085215025362,2
42.9882349148444,2780.4266548719766,1.4525437506960945,115229.30424687109,5967.783201425351,1,2401.436270723474,0,60.69302594431151,2
271.33807234425643,29.436106278094844,2.6636224929804913,3936.1068670475297,5446.35576098655,2,1.0,0,25.6309891056166,0
1042.371333818322,118.87885558070803,6.709910588139165,107399.75695709586,17227.008570862246,30,0.0,1,138.93218821983697,1
451.88828639565895,5.553936635723401,4.015497179405425,766.6913461687876,1452.1335671523784,2,1.0,1,12.453275616271942,0
423.77919781765445,3.351942414073363,2.331886914328838,375.0431615612609,1091.0712229502635,0,0.0,0,28.204942867411997,3
453.20583367697327,8.511244241591548,0.7719319087099893,1189.5050302787877,2483.9448473719626,0,0.0,0,14.449052044232413,3
478.1483577759284,7.0912154273996215,2.430906015153391,1279.1792234491907,2203.02171866168,1,0.0,0,34.93416893306148,3
54.832945426173936,3048.072506701876,4.968967659444488,163141.02998749123,2081.154388024446,1,2381.184890766299,0,22.975103423624454,2
426.47796966725053,18.849975789697226,8.255664484524093,3968.05728490641,4161.694200670445,2,0.0,0,11.030685280278833,0
587.3778453277022,6.265345185943683,2.4790005436378384,871.4148876967499,2550.0521090381826,0,0.0,0,33.235123190659806,3
351.77540985110204,135.64496038296397,28.42999193734082,40710.138767942626,4823.237027896939,34,1.0,3,249.08789280090446,1
59.77640951445066,4984.354909058049,1.4135120288078395,285202.6134100213,4529.104882699876,2,3674.149608915324,1,54.79191635929949,2
267.44099412798613,41.752544115134505,1.140153270462464,4215.054184305513,7485.561052793904,2,0.0,0,29.414046583951315,0
178.77584308185288,5.02940258425848,8.771355824192417,412.27076256866724,562.3786102299267,0,0.0,1,16.941655022088895,0
515.3637432661175,71.10912683422197,8.633871829108257,26363.647514533135,4976.9034175745555,22,1.0,1,200.32435271680492,1
447.2955820971038,47.51294100311346,4.940314356873762,8982.98266342195,11336.13636361185,2,1.0,1,42.70215808774604,0
413.38473087890367,515.4974297243297,13.407904860564805,97083.29716797135,106637.07953093392,308,86.0,2,193.2445650023234,4
87.67583606340915,1125.4462752183535,1.681076548514377,96238.89689560512,2643.9634360411615,2,2128.6571938685,0,85.07217145693458,2
241.53821962518842,664.2367361307037,33.031946679035,73570.36629448984,70351.51750223996,315,35.0,0,177.8064995093395,4
92.06421521147037,4871.4494046528525,4.451884109328577,434113.6502796707,5612.490207212574,1,2248.1349017990833,1,64.69388274043041,2
556.0672991191448,122.55881518556271,8.54333256711018,56418.10683943756,10027.492629352568,45,1.0,1,107.89639580788722,1
682.9790856527586,7.899606878416816,1.9278237145393948,1661.284096810858,3293.600483406199,0,0.0,0,24.15301453449471,3
85.30369149792699,2593.601866437698,2.1383831781436737,211685.99058830825,5180.098561184317,1,3640.287446254051,0,24.726160018921043,2
406.8172949314384,14.061370196118848,2.9568979314363686,1904.5601035400268,3237.997311584976,1,1.0,1,5.807555535582132,0
485.6995940447645,31.878633631853198,10.815123221846168,10971.727443397403,3966.745274773711,43,1.0,2,276.59080901902894,1
555.7597787314369,11.186940209987066,0.6589808301968656,2099.4373608224487,4069.047531683031,0,0.0,0,15.437748748896448,3
647.5196882487019,7.591537556899978,2.1041134591532518,1495.4413812027249,3909.856517110927,1,0.0,0,33.74721726790084,3
740.2994067614997,130.6495956053776,28.813686095632463,78647.62242936167,19623.70302181427,10,2.0,0,164.4893804460421,1
335.88335996920324,9.010599445220748,7.675068994719675,985.2583628218277,2013.275666119416,1,1.0,1,7.839906488561757,0
448.872189973612,7.335542461428906,2.315627740212025,1192.020677604233,2128.233587275785,2,0.0,0,39.158102266626905,0
147.83179320942082,126.54186085154333,60.24979588269518,10572.597290152575,8654.127829493153,116,28.0,1,80.62961673275149,4
331.61481870451445,326.7573841125011,76.96035308433335,62332.1252676675,62495.83549315423,105,54.0,0,72.5423365497818,4
681.6906298917813,7.581456183820068,2.5987345581120875,1189.4448041296596,3389.1426909007305,0,0.0,0,20.714727687286846,3
1007.9380300142834,44.68084583522599,5.084819367101726,38021.57659505064,5912.506015989888,11,2.0,4,145.78278951405613,1
46.99592674951093,3231.603115242037,2.015523384496128,145123.34264465026,2849.0020572904186,2,1467.4117882589844,1,49.07967365515758,2
645.1033325104011,7.503373752062962,2.7775190055391197,1038.6805331812404,3681.8981491428176,1,0.0,0,18.833922965234805,3
96.19340225202917,3536.367780319356,4.938577477493466,325047.86389116227,9249.18823446619,2,1527.3262982682345,1,69.74185528384015,2
371.5062550071728,368.45131678113495,10.156830111628588,74786.06664855384,75332.08927103583,117,72.0,1,247.1004583273671,4
761.3558241893379,134.7687437881503,16.77873903227738,82447.36304909256,22119.53984105379,35,0.0,4,144.1493881954546,1
480.5259233157127,40.410652381488276,3.496365509606121,8498.000136763867,11408.69055298159,0,0.0,1,46.86434981770206,0
771.6788783497385,63.11551974301227,22.245599512889232,39039.44436255248,9732.30015039936,34,1.0,3,133.03415608848206,1
66.94552887739655,3218.796706333263,3.301118379419,205837.91594565896,6098.791977295669,1,3492.6471961147845,1,38.22176188576277,2
256.1725576650675,23.03433773938967,5.81658314742807,1953.4368124096595,3165.0856431422108,0,0.0,0,38.896079933635285,0
674.5577895129354,9.347252330911186,1.3988849000489432,1651.0566278992362,4416.707978482726,1,0.0,0,10.904841145205168,3
129.69478296150652,20.407263621509593,4.427456268304984,1195.3547111468977,1716.8840834189632,2,0.0,1,30.425989678655725,0
48.628261164984735,2049.219725537758,4.355551596503098,94796.33292323763,3069.948935305731,2,2934.286372695897,0,52.77673664409301,2
435.8863631811149,304.3367296532406,63.865904637696964,55992.45358642621,65574.28460459884,413,17.0,0,125.77647591024697,4
143.40341124027287,40.53643282141156,6.757723867258323,2323.127415747098,3552.204006751045,1,0.0,1,19.9541581409799,0
566.0599301023533,7.6450770559481445,1.223266920484408,1594.010666057802,2786.4092800840576,1,0.0,0,21.62492135706894,3
59.270245096438614,1519.595218147243,3.861744813106162,85812.6538423738,2093.9024358750394,1,1499.8359249579821,1,75.7374638517762,2
1103.2736222389142,32.81109068368251,8.49820018025262,30472.10848189091,9583.806882030922,47,2.0,0,113.87191250663085,1
685.2906340617153,39.419612709436166,20.151194714179017,19841.08926422204,7414.743535221779,16,0.0,0,291.7143726458655,1
643.1273453229146,68.90476094005088,12.285534427763839,35681.59088993758,11599.76801570228,21,0.0,5,227.56001159737218,1
841.5044812562517,53.77765793223893,26.81041104677846,39784.63375123629,7216.109375105586,43,2.0,2,222.58310759750714,1
617.4757578804908,7.033832142029662,2.7362187298112843,1710.8229530166402,2756.7632756165685,0,0.0,0,11.367429612345477,3
167.8319409982436,45.879554834571884,4.946656015225757,3028.1226229817685,5021.322186177322,2,1.0,1,24.349334635447686,0
928.9392001051572,121.37671492130886,5.310121424150481,78926.8046489972,27334.075473369412,21,2.0,5,82.83744335369559,1
282.0236852114708,24.542102032778498,29.713179575461368,4886.576094930757,1307.5017820166272,35,2.0,3,295.0015851646184,1
48.9678808280607,2763.0632057461653,2.9158822458138856,133390.8626713139,3489.6965724726983,2,4021.687611494419,0,97.6402450881036,2
566.0282657465152,124.92391264153666,16.652014980406996,51148.385648983116,8896.297576740306,10,2.0,2,248.10102904735345,1
276.59380038149374,247.53685284929088,94.93644676228382,29808.998018471815,30861.55433578978,231,95.0,1,132.0670132429957,4
703.1335547483197,61.07165691013278,22.418726974731904,37571.66760505873,12356.161963846755,37,1.0,4,153.250455161712,1
46.22713224884112,2494.5386083708972,3.755070063836606,112644.64133293391,1892.077983271711,1,3717.28130438869,0,19.573134974671934,2
340.6217276884183,618.9764805958248,46.1193087559926,105134.39802614419,122966.4124525549,404,82.0,1,141.07167759902484,4
300.60741385566445,656.8943537515887,93.99647950792946,84278.99704389185,82482.84903232809,270,20.0,2,225.66796400867568,4
40.0869615843946,4602.626203073599,3.2809518583081925,177981.1658817854,7964.6889209996625,2,1598.5475192679316,0,83.89650007513168,2
455.50516924463,5.978759888026882,2.0359936632158258,928.8871097026447,2144.3758247431124,1,0.0,0,29.96214377914762,3
491.6023538023752,23.341289385821764,8.36142976000988,5196.924983103194,7053.523225377717,0,0.0,1,49.82553273377485,0
82.82021877034472,3819.182399701182,2.356658130100135,301895.4432179384,6687.558491237683,2,1855.8797046912855,1,83.07833416171391,2
768.8496330970459,3.840833482968849,1.1896090454810646,757.239145281141,2280.247974783303,1,0.0,0,27.77336322371243,3
618.3604225681959,13.5102951981359,2.0675589878634075,3039.0272079254933,5954.52603607354,1,0.0,0,23.14095349403409,3
82.57061916658819,2609.2381351658637,1.6463918238320847,205694.04659691782,8709.892982842613,2,1967.8313272679811,0,69.35010928440744,2
93.95460451748775,2618.4235317874522,2.781910732333383,242309.69212560824,7004.819491951665,2,1059.6759089079765,0,52.805855287743306,2
1176.7943728275864,72.61425829785563,4.454195413450291,60941.18536666475,23778.198740754004,7,0.0,1,184.8214796726679,1
724.314938340121,145.18453930432185,19.01519794942271,94293.9998154661,28205.98938331522,13,2.0,3,249.7241358691134,1
353.501495248086,641.3264868928537,87.62105299993146,96075.24640856756,117489.43431357214,389,61.0,2,151.92037776492248,4
625.9868569614803,8.330229272110227,2.3922042259257097,1998.5225625006155,3533.8050984712536,0,0.0,0,31.738324724293488,3
215.08453722738514,22.892557034879175,3.010624500007073,1679.3556142611537,2937.5990752036487,1,1.0,1,34.55402285635507,0
744.3448876343211,50.38630296477675,19.857675971676564,32404.642314136618,4062.3607085630583,47,2.0,5,135.50862395533116,1
319.59608284133344,650.7576963452032,111.58236416002221,108120.29656401038,90974.79164112455,135,44.0,1,162.91681167517794,4
356.96909156399266,3.0913715994971898,1.0847380521342334,289.310067831635,872.5910444919394,0,0.0,0,12.996589539928202,3
52.957374752235225,3803.2718505547173,4.707226836440162,194364.93756431376,3960.430817779383,2,4267.965787535487,0,10.339092509547974,2
695.6907702287139,63.25544001790122,3.9930466169064145,31592.247249598393,8218.411515750491,49,0.0,4,147.06439723637874,1
75.83801537108214,1755.4775312621946,2.0743966460043435,129321.08670344934,5765.193180232792,2,3034.1411744646807,0,88.90157921145835,2
412.33397428689125,35.860963764995574,21.63873199567132,10686.168521052934,4426.867625684288,36,1.0,0,284.3491009660244,1
1044.2123252861431,82.92267442622253,16.39467239143527,65954.19959768606,18582.704185917028,7,1.0,2,236.8261190894101,1
330.5045596374398,77.27009078348931,10.884553367773623,22534.628301132845,2865.012701538395,32,0.0,1,143.40059571109649,1
573.0230366790579,7.212203567952672,1.3493704332826648,874.0249186601034,2855.6620537346976,0,0.0,0,34.90416706829961,3
97.3038360162748,22.216114560678594,3.993469682648544,727.0875507837384,1269.1450978264659,0,0.0,0,38.25619510045814,0
370.4060353990378,169.20980853755566,45.03459445902665,31683.21196451301,36936.81529210783,145,62.0,0,109.58383886242126,4
383.471795006768,32.302927612284634,6.8922808516817575,3917.2217118430963,8550.90369186147,1,1.0,1,22.247790783899063,0
95.00016742435328,2881.1539068127036,2.8352278170761425,270793.914306336,7033.745840084287,1,3807.7961003364435,0,90.52742988782182,2
534.1430223838622,126.32754298821713,3.0741881179596318,58985.634849359914,13667.46005992644,37,0.0,3,226.83141671744283,1
221.39913226383618,780.8126757260901,26.611442916981684,94252.19698350228,85675.62387718767,471,65.0,1,137.8334381108652,4
629.8446697431555,59.83750375153159,28.941961483246452,33651.82359113117,5950.508110753872,8,0.0,0,228.15234036051518,1
64.3850515716106,2025.9500928286172,3.3750030096287182,124000.96076631865,2658.658181142662,2,3813.0942592639535,1,17.48816348580415,2
259.3273770336757,646.5779989789938,85.48153576541122,82199.16111183086,81132.63699299998,73,70.0,2,81.34086955918963,4
82.6301147757398,4724.103971900271,4.805770555549328,376479.55741909705,16046.335133807319,2,922.0545856048043,1,50.3149276186933,2
404.8792575056675,4.588253122910906,2.827871495745519,654.4791014456636,1373.2890264369362,0,0.0,0,39.45753353504243,3
745.2512436739562,5.859593782192574,2.80133809082824,1267.087145874487,3205.0962264768373,0,0.0,0,22.831035124577156,3
78.38170862259022,3982.953260164758,1.8210866982026341,300238.8455926068,7444.011821855553,1,3854.6286179698286,1,43.87496467974498,2
66.91689300617698,3356.625509575153,2.8176892766381645,220079.0291523966,4164.965841061455,2,1410.5301432775696,1,83.94844004920652,2
478.3981278274673,12.298821431019572,2.2985746988408504,2248.306828172331,3547.6912319056732,1,0.0,0,24.38441893573002,3
291.48751838745875,117.0584166037465,2.352699235610035,28282.850793147998,4660.013303330786,39,0.0,0,298.4475624722396,1
393.944975136257,5.396735684378893,2.278978134552958,582.5533090929359,1349.3358514426343,0,0.0,0,18.17339323326495,3
598.179879109684,6.474234481181651,0.9164832083861637,831.629019589224,3052.836554251682,1,0.0,0,36.69141160373192,3
974.928472305955,115.58265811988315,24.325430558198956,84951.23851890813,31268.7246314192,39,1.0,5,209.08458617281545,1
304.55105153307215,16.424985381948694,2.3630744470878016,2006.4089816677877,3096.439628220637,0,0.0,0,13.034509792445013,0
357.34465890537933,14.892284974236679,0.9771566982560533,1740.1778641500146,3811.6376879840072,0,0.0,0,36.43974668394855,3
273.53574771441856,31.65835030967829,8.334469176288916,3200.2911773306455,5504.127271881955,2,0.0,0,38.02594635291658,0
796.063931100595,31.65479006063827,11.44605419400383,18091.544566231743,7365.957218869491,34,2.0,3,80.90336463743866,1
618.6399050615437,12.240124475086322,2.129330226096171,1825.7731429166665,4651.527231364264,0,0.0,0,12.329975853350607,3
100.14061625830244,28.776655458374414,4.6451904002622815,1326.8031749201477,2004.4616263589337,0,0.0,0,45.1014401164132,0
1138.4476404104075,42.24117569143107,5.170816645914956,39146.54518822721,13098.041426933061,14,0.0,1,229.41777389835843,1
317.8026132582544,12.458923744660611,1.884974810268625,871.7837496035861,2840.813555398357,1,0.0,0,30.105564022336225,3
738.4944154869927,4.712679118650694,1.5384866933352783,938.1043056445783,2366.496947250513,0,0.0,0,23.96786514513773,3
72.1304166666215,4319.8300366247295,1.6176597773599695,306266.4388006606,9849.947375269334,2,1230.6521954280547,0,98.91936932019551,2
71.40209587342618,2165.5375440829284,4.290945944173726,149684.6603020126,4647.669809357397,1,4061.210228454081,1,33.04795836145814,2
330.25457995408937,400.44754567918983,108.70728621256455,60529.55676509658,59486.41426543952,96,48.0,0,214.12511861343893,4
84.76598735646988,3662.037635028854,4.913301905780189,303939.5400022412,11097.362210202627,1,1289.9451266081292,0,35.931261596922255,2
382.6416510437021,12.027373015647827,2.7283322866808724,2267.3500845751755,2536.079937521744,0,0.0,0,47.50763987633105,0
602.7851369469652,10.838347361313273,1.964500503666204,2431.825247403725,4555.49975639884,0,0.0,0,25.760763054208113,3
151.679045165003,31.560469661790172,4.372512150806729,1885.6481379628904,2420.636516254836,2,0.0,0,37.08320035364626,0
215.4127890173013,31.12104204471632,1.8223686627841074,2606.5234941911667,4191.5739861691945,2,1.0,0,40.207474825703926,0
726.5556945785181,4.856753902169433,0.28783937862308506,1227.1608423852701,2266.5056285645696,0,0.0,0,25.20350144746942,3
297.4268372018392,278.372336551067,27.251706988599928,44586.60618367219,34661.28207952577,448,69.0,1,82.80434892575266,4
60.68004541596751,4602.664336434514,4.294637003935895,272952.5399502651,10621.491002390752,2,2054.124592024168,1,84.89720370768018,2
559.7894133819295,72.7555719860353,29.17227936875473,29424.905604943262,6259.902754287022,47,2.0,0,140.93001598741418,1
291.9845106707999,62.46957292912729,14.240817387684961,13787.616154679761,3946.676446944418,35,0.0,2,232.95684816619539,1
1105.756790636448,146.7613320619986,8.504110314700673,142201.44317621575,26882.23472317824,25,1.0,5,212.7489266884541,1
333.90714809048586,317.9910277168111,58.19345817889495,50093.62962100507,54495.65730104157,315,49.0,0,164.57320079337052,4
462.7344943383113,10.687081220705469,2.1789641092321044,1563.8812059863967,3915.3746436865495,0,0.0,0,15.603319199082101,3
463.02583574278407,41.269094709682584,12.157479727849324,14335.265638614053,4522.7687551823,23,0.0,5,118.45307730993476,1
88.29813740281047,4201.643449974713,3.3399669948076744,367243.1216593039,10474.982365482305,2,3815.719564772048,0,99.22885224022792,2
256.7052931098125,731.7174774438645,35.17441034058467,82308.45701747386,94631.47991968499,191,88.0,0,245.96167984763662,4
695.107880775972,8.20460922293206,2.3715052757188717,1633.0194560033947,3709.29524830168,1,0.0,0,11.506393643727183,3
367.5240792801354,22.225944399637452,8.307393992560913,3528.0228685982497,5385.115641377896,1,1.0,0,16.882789311217344,0
391.2773710373971,87.22533101139953,27.426343237675923,29381.05559408258,3862.2750915998786,46,0.0,3,104.91934567423087,1
724.8765244671663,6.05571922142268,2.470649499081787,985.2767143315423,2794.2647110831435,1,0.0,0,13.639141136954908,3
376.3416162424761,13.528042611051548,2.2225221771377925,1589.3877639015814,3283.2164389708623,0,0.0,0,25.339736309833793,3
244.34820626452498,27.178906300135097,4.340752598921256,2697.5389494929796,4111.026318343476,0,0.0,0,48.357465839941476,0
75.94366567170036,2148.436443710279,1.4185512277105023,159985.0562988592,4965.237337791664,1,2924.4383994118925,1,51.43035084424617,2
412.3793889693443,5.618251916482306,0.6228534273300317,881.1300953063605,1468.4377330864502,0,0.0,0,30.09779026483969,3
734.1396961356972,109.48399350105343,22.96355739629634,59689.90746401405,21977.798627641787,11,0.0,3,101.33532775354098,1
93.06028968446083,28.328360987534182,1.9266055077618958,1179.684931822474,1588.191284570889,0,1.0,0,6.710983170685472,0
525.7654026437468,536.221270121975,48.23510704527392,147678.1426664784,145724.9743539084,403,58.0,2,237.07645214655724,4
563.1846685495897,159.42653811521257,39.834230406952656,49701.32821002275,46017.44581965633,273,97.0,0,85.1715762632385,4
325.10696547828854,624.5936537808334,81.06772851986041,100430.99004777102,83246.87357853919,214,51.0,0,235.0709814198236,4
798.9181981457807,13.70038441695133,2.7855799871011633,3936.4431154363597,7914.68748552461,1,0.0,0,21.197851960878065,3
99.63225074559531,25.623528868789542,5.104614727735446,850.5211104707382,1759.3251329476977,0,1.0,1,25.803300245027323,0
530.5204672631492,250.98395758101998,29.320821579275304,60008.430321097534,77003.20756401637,238,88.0,0,150.27438691410396,4
242.0814028524371,620.0897263594228,62.527643951341595,71304.5304158696,71114.86999088502,427,11.0,0,174.92711173763524,4
320.10948648550095,373.0792494037532,83.98239146040854,64263.400364308356,48867.29440234916,461,68.0,1,130.46525135173223,4
184.60795006974564,594.1206327595721,26.115367455596044,61093.57131652574,49248.81107483492,426,66.0,0,145.02943603137652,4
436.63313147000883,135.6673687383994,2.2566354051468616,43851.858050920484,17285.604518932774,14,1.0,3,148.80304556144804,1
281.23089621768304,23.30033314993624,9.553690201199542,2650.648961603984,3563.552232774807,0,0.0,1,31.71024209204537,0
485.2058026804141,102.00015462244069,14.75818738431657,39414.85730966859,12449.740778228186,20,0.0,3,283.4211940483001,1
200.40154402533986,124.76585199559105,4.218988971638007,18459.861852150963,4431.76146548001,18,2.0,1,150.55667629654465,1
254.7870479235488,74.80205226834445,21.810992256872424,15104.65176686761,4979.995179771349,26,2.0,0,258.2308199640015,1
101.4469233046173,4343.937796373899,1.4908417757207246,433142.6493128156,13302.206748582888,1,3409.169908958274,1,12.176023937875318,2
250.5229328489452,438.5041038036414,54.50585327845629,52096.7620445425,57717.375369534966,492,89.0,1,198.010599335157,4
89.87123096216379,3662.861741028562,1.8549610482444878,321381.802226141,8883.792541428764,1,3473.3316542626267,1,55.922238982283105,2
113.15661207047529,1360.4545317365782,4.081925812476119,150045.42524364984,5225.718524471971,1,3135.771175738971,0,81.53179793386988,2
513.8464545581023,10.334553045675731,2.8653594491219603,1953.8186132016028,3638.668743247219,0,0.0,0,15.245178679467198,3
119.9793017806474,1976.2560438690052,4.053230460848843,230816.54165233052,4848.849659068937,1,2373.8449483483464,0,21.56641015997048,2
285.4617125545325,220.84844854620383,37.74402325952092,36282.93364506699,30715.54844216724,65,30.0,0,72.3455654712125,4
434.8056240357252,20.507183800140183,0.7931500909266882,2767.537983588368,4711.8559303819375,1,1.0,1,49.03364607751133,0
751.0509532949324,88.06326533888125,9.90334917156212,50240.94423648362,10289.33572291523,13,2.0,2,208.82929045197474,1
379.99831238654,7.941035335952407,3.4952582093907982,1230.8656375221503,1986.0040988363278,0,0.0,1,28.407564944542933,0
793.4568571091061,7.174561263353245,1.0625282262027405,1849.474326166891,4355.612194420022,1,0.0,0,14.636920199496483,3
615.3042358253047,14.144019469309082,2.295783213696307,1920.6116852857522,5624.061350442076,1,0.0,0,35.76776165592079,3
50.38097867970115,4000.245296577389,1.3969155843307064,198223.41303837157,9523.977033445577,1,1511.6472222251484,0,81.37073432102845,2
232.25810929264597,146.54076211041038,67.12609282062053,15744.096704230868,18432.590262545684,270,34.0,0,158.29456548261743,4
211.01335833560745,74.16268486378758,6.340242687669128,13034.161856232762,3783.3766246324763,17,1.0,4,132.38746551587974,1
641.6803974366815,11.415130228574363,2.6966708012189415,2579.352450203833,4465.595521834176,0,0.0,0,13.682201640238613,3
313.49251793424617,13.688587308586122,1.0805090339446124,1496.9371384762253,3226.8690934112083,0,0.0,0,15.85800805573162,3
101.37434627229293,1827.6647493844678,4.600939429728438,179890.28865818656,2701.403816407794,1,3736.1382009613667,0,27.971688355136127,2
361.02420808562925,365.96928760318593,14.912603176494613,61705.08535329499,63193.1096127793,238,55.0,0,158.95592307401995,4
835.9107657097384,119.5628953361291,4.217968200234383,70901.37767501816,10383.13398363234,35,0.0,5,180.5531250384708,1
757.0068063131285,136.2164468951758,29.281784782672858,73135.82016878731,17648.933154422586,41,0.0,5,231.6115385356743,1
76.9422524624392,2025.62863275476,3.9108380736289505,148522.14077584507,2947.2346385545075,2,3587.2218739129385,0,73.47552616353812,2
313.6408540636638,395.6197144992226,37.86832009201449,69938.78853043754,74097.48364281455,201,95.0,2,213.10848748380147,4
577.4876674262741,5.838665616278347,0.6733238767763837,919.8578130335013,2472.82632029114,1,0.0,0,17.82505488411929,3
77.67366611341083,4671.389691281409,2.5482692535651728,352867.8005791622,15282.498630988372,2,3988.8181159955802,0,99.507317354473,2
915.2670825092443,92.37520000869831,25.932737320575402,74902.46040812861,11569.882046011233,48,0.0,3,100.91243810316418,1
252.38552096366945,24.77322453625035,6.322926033697993,3055.0190276389353,3427.183165664213,0,1.0,1,27.322152740594895,0
585.3676244880704,7.753865387152133,1.6996036309499132,1012.8128648043595,3087.9836627981404,1,0.0,0,31.64431248202051,3
353.95285861148807,14.155996007746094,0.9439097538608164,1523.8325762710806,3398.4921119801497,0,0.0,0,21.640828550245427,3
251.3038313991642,18.897549080330336,5.081511431895826,1537.2526164641724,3287.7637070381898,1,0.0,0,22.844915689548344,0
507.8863820162494,128.87900842988722,19.205601770325675,53427.65844589412,9865.977703163951,49,2.0,2,283.34315557482546,1
218.52927767377193,27.75353690398815,9.440647719069899,2882.4566388918906,3156.8943119723867,0,1.0,0,42.29920743138314,0
73.32737822273589,3594.1081072968113,2.237729883877933,256759.69821400565,8156.85450452291,2,3133.1351337046294,1,11.070804902064005,2
381.83402254664935,552.8576143564469,105.6578698294856,117198.28975680492,111042.48173018174,134,93.0,2,245.09639848955223,4
439.88764112773646,41.42822336261951,6.724798816070706,7474.867918783403,9428.926952748396,2,1.0,1,36.30714317823876,0
687.0825443235781,134.17282080520505,16.76314419861896,81676.00555419193,18138.814918102304,34,1.0,0,180.12733082720928,1
100.39034105537112,44.708736578330246,8.134233586694585,1800.0040640302088,3112.3184303044077,2,0.0,0,10.509525426152347,0
435.7303315104955,5.791564016512181,0.45744129785755705,911.3907147724377,1518.8007726055698,1,0.0,0,22.724668273570508,3
325.33356030336563,155.13265313245893,83.66272777961643,21578.922799207303,26962.877049258215,463,79.0,1,169.53740598870016,4
648.3464705246336,83.6010519856107,8.096963735352615,38790.54131954459,11636.526321603444,46,1.0,2,118.45188267248544,1
140.20122107273644,21.23476335997699,9.105965495483723,1351.5885205099544,1820.0071386825102,2,0.0,1,17.366271599666124,0
333.6793423094595,606.5755576649653,64.46016949924717,98445.50795525592,97570.00671759188,370,72.0,0,79.72537688728173,4
47.680555720492215,2188.3848766923243,1.2170847415574944,101616.41519833241,1405.9769411355794,2,3183.89883794314,0,15.337800532098711,2
116.04275796225333,4921.657440931227,3.181826781569968,564270.8105986797,9810.636998388934,2,2935.996444207714,1,62.876123148410116,2
317.49093675807677,12.00000564603869,2.1959091063294185,1496.490494765098,2995.1178606611734,0,0.0,0,30.55571821043091,3
40.47425722695025,3369.7630215938375,4.389624539716946,131516.30639132703,1954.6641419881503,1,1409.686914894117,1,19.657108933360526,2
109.0290061703426,2901.664948416057,4.977800354182338,312948.72078593454,14327.146266985083,2,2646.4931189419754,1,42.794767912580646,2
388.9856599711751,56.63365555154402,9.490756846953586,17708.36860543853,3235.587602406611,28,0.0,5,241.6470435468633,1
594.9615712103642,295.2095942938561,111.58970326298486,105238.5128753187,91326.37177813829,479,29.0,1,131.2344025822972,4
1066.5956885955034,97.16478307385873,5.559093744276671,81406.58319717289,13697.722505461496,22,0.0,4,103.27523446001577,1
85.63186677573313,37.606922908143304,1.560133499593851,1357.9057672268625,1791.1912756498828,1,1.0,0,32.48468288082674,0
80.98402887323732,1540.9647649860053,3.2839662853039138,120589.90278124563,4549.711800866155,1,1286.7542329248524,1,36.089261158047364,2
131.86166334435913,692.1733668871691,76.822623395343,43453.1717077875,37540.08333478073,386,59.0,0,143.55525299720694,4
296.5193929974377,543.3459361021395,108.32789713416607,83391.47661439612,84258.62866334431,478,84.0,1,144.929631556361,4
455.602679664154,13.050518114911517,1.8492475878731043,1362.4115256965413,4431.408928679014,0,0.0,0,30.25970580421498,3
43.5581751042528,4008.4913529945093,1.3165171578987347,170457.30436268687,1874.932841863555,2,3970.9895603269224,0,56.39477283792914,2
255.86530827809784,37.837035792384,9.432097652927206,4073.449503616762,6511.827348048252,1,0.0,1,26.861784301068415,0
86.01317976380986,33.236895730292574,4.163328372223656,1392.9655019269194,1739.2949906741815,2,0.0,1,22.956589293909563,0
744.1554110745662,12.523479480300296,2.3777211686787934,2718.0015045357936,5661.680475790668,1,0.0,0,23.728798977683233,3
887.9100914553244,132.3141268612364,10.368169286032295,86772.60384973197,14478.154455775586,44,2.0,4,121.36345778318358,1
92.78421611202532,2783.7892212822953,1.8986428004202858,252886.82874815527,9896.313270171982,1,2001.9944880828807,1,15.796460441353886,2
193.26091488343835,750.1840091276548,75.04673038168232,61506.93965540494,63328.675061766655,396,87.0,0,196.88101690099722,4
513.6015136409173,9.689874365619849,2.228785701567013,1507.8980412722128,3796.236852028891,1,0.0,0,13.552047524245085,3
395.39613273791934,12.493337012632384,2.006732771843128,1178.3869640593095,3262.7531335112444,0,0.0,0,18.521058719523328,3
260.12586518509056,422.5236944960603,35.234068936617476,47995.419314379986,61063.215313039866,347,24.0,2,157.52492014947092,4
325.7059065121157,73.87642610588308,23.3484466142948,21176.052355528747,5605.567380930852,39,0.0,3,223.2137839480798,1
95.72467077478838,41.98370266806603,7.209301157986714,1271.0489690565219,2077.6285104749445,2,1.0,1,43.84123348950517,0
66.9339067402954,2009.7698521118705,3.306063161954551,132981.9734601704,2421.7505677513323,2,834.7239529907893,1,80.47888086251349,2
531.2190716889982,435.58806042760915,57.288104625383454,125850.06244675393,118468.96773938101,82,33.0,0,85.18865546499731,4
70.44697559182137,1074.19278289763,3.8988171005942327,72948.69321788846,1705.1503454216347,1,3770.1296638324825,0,98.27590314015086,2
102.5349678213118,4035.9830499629106,2.9145794822020994,393877.2075086214,9262.483424800132,2,3684.2741015877496,0,17.881801607455724,2
1147.7960660144572,71.55677467022286,5.496362153365835,66124.04236855533,10011.813756573161,35,1.0,4,151.88255592509938,1
234.49464469336405,27.55188496319044,4.273198385577505,2635.6484481201255,4041.792844103025,1,1.0,1,44.06255105483527,0
327.2017794099319,513.6685461583315,68.7303528392834,98800.04741830146,91616.92639842254,109,95.0,2,128.56154339050778,4
604.9907464072357,9.286155268255524,2.7526176562115223,1881.4147158826306,3824.460276545221,0,0.0,0,36.47843282991563,3
40.65586569047697,4595.261499225387,4.724481807773403,184664.80147274467,1965.9639349493593,1,1209.927339964047,0,12.292542256159642,2
785.7782709310476,96.27982801979685,14.480434985280336,65609.46109587625,11574.654919452641,48,0.0,3,138.5247028803364,1
440.7035300192188,320.64689301276997,90.72458572261219,65858.11836085805,60077.047252108656,404,54.0,2,59.46999546536789,4
94.04798945393,1998.7215519220447,3.2943384278151564,185669.16289055962,7315.377214950296,1,1674.7056534337448,1,81.89859800656224,2
516.598060410569,107.25880232502129,2.880486741650531,46837.774260277765,14803.064970440542,41,2.0,4,249.34990762482883,1
686.173654104883,34.17177003332073,8.959114985967927,17899.757250312534,6137.811278512992,46,0.0,4,268.91358667380626,1
896.1924503010899,45.073173929649855,4.596014702687556,32575.714245889383,10677.340873461362,21,0.0,2,146.61052821983276,1
425.1166740626272,20.084362131689275,2.1507351347895662,3777.322396263085,5679.571592618844,1,0.0,0,23.905342753147625,0
869.3569842407483,50.06639068107421,8.819991524209694,33132.07174194328,4906.9397569340135,15,1.0,4,110.20600719742545,1
44.758413048671166,3443.630088633586,2.5128271354923117,151319.41751899675,6932.304381553365,1,895.8744936348273,1,34.21470058679466,2
640.1803286971931,29.010010494978328,18.190114674252108,15219.949310465823,4601.793598211215,32,0.0,2,178.57880720227683,1
343.7163487468212,10.199814974529978,1.5618173458362563,1070.4666895739354,2753.287874738398,0,0.0,0,39.50561563075905,3
722.4570425091265,6.280165223926501,0.3550637242693141,1547.1410916130733,3049.0840246924768,1,0.0,0,39.034364109745695,3
44.27310105996389,3460.506330201247,1.189594311724656,149301.9199400667,2914.493651278264,1,1771.7573188272913,1,30.15445899787261,2
291.05490983971674,32.74248771027875,1.9880651512511789,2942.3174366813414,4976.12781759136,1,0.0,0,21.7475160726881,0
48.15470443060868,2974.2911730759242,3.786188257142816,137618.2391970695,3132.1334114972915,2,4271.088004421106,0,67.28236376950873,2
658.3634794263062,88.73195158492685,2.962552033848306,48357.886033244824,6793.382281036482,34,2.0,1,138.32491509133274,1
373.11074423026366,13.587466863440305,1.4036114005275389,1571.3878082425415,3950.845029160394,1,0.0,0,38.92437387596674,3
91.0162280833543,3024.3323829620435,3.8688769240416803,270671.18110278103,10930.392843000674,1,3880.9022326429595,0,12.845803441371757,2
84.67782332929079,4265.815422402233,1.8879801800759024,348113.0078183277,14785.580868774783,2,1738.2126776106031,1,48.71672801006617,2
534.0327302131157,4.827296600218714,1.0693144850556808,1010.4695510027651,1814.9121762554373,0,0.0,0,14.191072848757065,3
355.61478616133274,34.96650604778735,6.117328983223407,4413.593453759691,7613.071523690895,2,0.0,0,37.09601542503478,0
290.7456466211137,168.7462223342045,67.62411677471049,24673.416471886903,24218.11780038042,181,67.0,0,200.15793498970163,4
368.18601186206286,437.0926774441422,65.16468050896701,72344.68359253192,86425.35546927668,396,44.0,0,98.74372911627603,4
208.8070122244128,676.6109160939188,74.00463857531287,76550.54296276452,80816.19460832723,491,26.0,0,86.18049749158259,4
671.6494907505953,31.884858936227964,19.519093543317872,17348.791142176346,3886.328070112182,49,2.0,5,221.2590316175278,1
107.313314882028,3589.7876950049927,2.3660284427361744,377983.128730571,12715.866216302786,2,1577.9602005334534,1,17.169025683779825,2
705.3536682378261,108.39632231161892,7.680448925598569,64922.232464870955,22870.331706608038,26,0.0,3,283.09827749623827,1
373.0851946528117,29.876898960855847,3.3168463646540856,4279.8168647788725,6144.483064516012,0,1.0,1,5.233318824829405,0
68.0083843427651,1897.467310769519,2.411376473494,125922.53651612697,4112.813906544933,2,3332.5893383942284,1,50.682571611821686,2
117.75396405618682,4401.069577343696,3.82547508740123,498352.77138668415,8606.426488668674,2,1261.8279881201838,0,35.088021952176625,2
556.7704903492513,41.355158429270645,16.104144168518776,19940.871666836912,5360.353562748112,13,2.0,5,126.05664786450173,1
71.016533050487,1904.3967745067687,4.386887961586933,130150.74011012215,6718.32862465647,2,773.3934857927788,1,30.217489878619823,2
424.4913285752387,36.90561759291643,2.183123790082722,6289.776982625196,9955.462809401632,0,1.0,0,30.096897181251975,0
288.2450976723136,156.76273983000888,94.58646274137111,19351.530758209836,26070.177798360903,258,39.0,0,229.41149367445843,4
444.2997603377476,328.30480198355315,77.49426033414643,59867.888601042105,61242.997518638236,407,60.0,0,68.71706821415191,4
232.6620350323336,556.6234410874856,71.49119818565259,61188.8653859879,68417.2422902039,62,26.0,0,221.63567726212582,4
456.818950521044,49.82709530744505,8.341448809177507,10674.774214482373,12514.566140140876,1,0.0,1,48.52686143868645,0
113.62178950419262,2763.060990701476,4.978236562438958,303521.9035211101,10774.024664803384,2,2988.117917008037,0,31.488930460357597,2
796.5093396061561,12.612660619809173,2.570459220593553,3266.8619943747426,7880.816552267687,1,0.0,0,16.446135215474037,3
83.05096541687078,2875.2758320609655,2.1750474921095453,229503.8665239354,7166.044045933732,1,2193.75521959917,1,39.15813472390896,2
450.0170204824277,204.0790746496877,105.46157464079464,42274.326418590164,45076.007837228455,231,42.0,0,67.72724677861852,4
358.4292627686587,733.5588264326676,96.89259931614681,152975.87659114346,116648.27350499852,252,59.0,1,72.22956549342179,4
385.93785823547586,605.028676510041,70.53701475381357,130114.22518576974,106601.60386963034,99,83.0,1,164.66274891430442,4
103.88327322256697,4426.272785959596,2.928374075178857,451230.42098589067,7267.124858409479,1,1280.6984601600248,1,65.01856483477732,2
751.7123720199669,66.35265975299552,14.524477175072818,44546.32347779398,8752.097692825053,21,0.0,5,180.7082147949095,1
1168.9443971742912,112.8145332224203,27.89044106830291,105950.98316354789,16274.940178263076,16,0.0,2,218.57192804029935,1
476.4389241660593,6.881603710909403,1.3971454656306215,1173.870395885823,2493.1906791087868,1,0.0,0,36.371860136567506,3
220.90720951857637,124.93600602786907,40.315552824771395,14867.869639008584,13391.362729000663,444,84.0,2,238.19132425178697,4
80.50957901217672,3687.56806254549,4.646472822013713,288003.6904293619,14438.550015808996,2,2303.614612372593,1,54.99795384661767,2
481.6592767807519,28.834687577552895,2.797986294072447,5557.074444885691,8832.028069050579,0,1.0,1,46.78971291566973,0
61.53680463004976,2794.4530113186875,4.532532249309831,170039.53832066787,4640.022859192553,1,2184.7655193015635,1,86.28166268112363,2
492.2489567393879,58.32624098507969,11.927349847201008,23339.737557975375,4319.992367955586,7,2.0,0,277.0794609432428,1
518.6806457813074,2.9794735284509595,2.8452523089233623,593.5972062323815,1138.7809583036037,0,0.0,0,12.221694534911094,3
328.97992530218704,18.288566490732475,1.7977085846861398,2589.098779487217,3897.0504636151786,1,1.0,1,22.780890842517646,0
69.54369203428557,49.658693022026156,6.8788218814991104,1254.9297695655378,2334.026296481344,0,0.0,1,33.62318436784213,0
115.20975146484261,2529.304658240961,2.7879451605656715,279814.2993683182,10614.532232734275,2,4443.897270742078,1,20.939568465781946,2
556.4293449821937,241.55056122128133,69.7244931742924,70882.91401777582,67789.65820074633,408,40.0,0,147.6438718398477,4
107.08393656198345,2884.334917935701,2.644595729360555,296345.35146588774,12107.461038073645,1,2358.75787378066,0,85.82112875065722,2
287.41680787108385,141.74413307032933,25.11497556257164,34965.29609988078,5710.976007896401,26,2.0,5,112.52753632972443,1
152.82142443512095,787.237145838576,90.40578789772276,68587.38279424634,49281.25332689576,172,95.0,2,51.3184810677878,4
228.12131462812388,696.945073642093,94.38684123575474,74415.21899841064,63659.163958910634,56,11.0,0,121.95269233934529,4
474.70503280714365,135.40769820731944,3.1363999397714624,56741.7470586959,17136.63028431358,8,0.0,1,113.32067692809119,1
216.11607271823507,28.47197282051112,8.047613519660661,2934.3334499144353,3500.930794272669,2,1.0,0,5.596296507675975,0
349.2187745004954,14.732466677808794,0.95847119940977,1925.0930068577763,3091.159096769336,1,0.0,0,35.699590474189364,3
621.589308434948,13.468761353625075,1.2662363809652932,1785.9601412074835,5887.302257785404,1,0.0,0,17.91900210206778,3
714.518807371309,2.517908180894776,2.9871404168996576,576.5178071449662,1431.6970737781578,0,0.0,0,20.41500519022878,3
704.790651135643,14.46191115057746,1.1734737313454942,3753.3181892541597,7876.468989512393,0,0.0,0,22.32529532442729,3
169.0871031873411,35.74685834714562,6.294968248934898,2820.521272213353,3231.7410927281326,0,1.0,1,34.81350279592919,0
469.8838938753191,765.450649461226,25.078188695402016,180629.83711989856,147958.07490476608,115,47.0,0,160.39483905435594,4
362.2082034575895,32.71330239754612,9.466970243327193,5792.400384795734,7979.605872549217,2,1.0,1,35.472575407234174,0
724.7389748566179,14.369027836695656,1.7470159279251178,2427.0898372050515,8196.48095179014,1,0.0,0,11.917694925758163,3
554.4204240652534,3.614436761072939,2.8205431587304366,788.0420669907844,1592.6342642061545,1,0.0,0,22.340387466445012,3
786.6239182836626,127.69702722206881,4.245229190739172,79894.3239287227,22703.466024898345,34,1.0,1,140.95523493694793,1
695.0370634816373,12.188138853892678,0.42656073221400415,3239.499229079535,5412.474597151308,0,0.0,0,13.108116087086561,3
74.73492735707757,1524.4848380659994,2.821456538246002,111929.19597137475,4913.030561251782,1,2066.6661715152354,0,13.028529892155097,2
951.798163586933,93.87492011493988,9.690644354061352,71023.13329341225,14899.583882938656,15,1.0,4,205.24709657068445,1
523.4992998786342,329.52210304600135,87.2139307032047,70558.13822471588,82304.10942461564,248,37.0,0,228.30376322128683,4
61.24875661331319,3817.4118258885205,4.211062685848152,224355.49021289972,2729.252722870716,1,2402.6201236996685,1,46.191803952598875,2
314.87849285676066,5.996366396268326,9.478584793182083,829.50216999871,1131.253715207428,0,0.0,0,11.427888416644933,0
212.907227980992,49.46978476974007,17.87299829498701,8113.254315993542,2339.004585180711,43,0.0,3,92.00438982219377,1
41.60188276157652,3279.9312761812644,2.338083896573189,129676.95526329205,2403.635082584467,1,1424.144551788238,0,99.75044841662185,2
386.22456678653424,2.26963745648061,0.19158493522461978,264.26822247096817,654.7026978804199,1,0.0,0,34.85615727781148,3
339.9471601757973,8.106329339953234,0.553825238030889,1343.1898712926181,1830.862351248902,0,0.0,0,43.06646478549795,0
432.83923275141865,14.165397809880787,1.4279655848789006,1382.7290356974815,4209.416135083935,1,0.0,0,27.458810620575772,3
172.4960210013526,383.1614861764239,112.71924025109648,29015.71408490938,37591.41333998148,484,89.0,2,108.58113509667191,4
250.09223670152085,44.44994200381023,4.4663077982649755,4362.021056333618,7760.1354688396395,2,0.0,0,28.80217103122454,0
160.38362995382562,49.027877546026815,7.607823106800477,3236.2277763460024,4215.647264869469,2,1.0,1,38.893430116103126,0
322.25448103465203,108.48099391975386,24.641169245847546,19924.06227520503,20821.515097437677,170,41.0,2,227.4814947937927,4
289.3453316665011,586.4209600650961,99.93540016467009,86340.72568393833,68963.87285243598,59,80.0,2,237.13437261634516,4
377.93569232289764,114.52421161826524,21.37907283622284,20321.825046637216,17689.849866654316,55,51.0,1,119.97461814003078,4
592.3041797775792,14.852782060895324,1.8457646044769094,3141.746189373363,6556.860387075821,0,0.0,0,28.890179555796617,3
999.1579711047821,63.44505284250429,22.464369681732492,49699.1776514542,13671.79668133063,23,2.0,3,270.61310037873403,1
60.18231676614691,3346.9261095590073,4.183652569680626,195182.20487618743,8405.884625632805,1,2969.4170039522683,1,58.05355964491909,2
466.3272504525256,9.704562422510806,1.5353611877444757,1761.0881708461818,3391.931235666213,0,0.0,0,16.198362420429273,3
145.8994837064695,37.390615400960876,8.735867949342895,2131.8621037485004,3623.862644992521,1,1.0,1,35.71777495505311,0
271.8060950791156,42.73621514161812,2.4482368214198615,5733.625925358679,7459.661523348118,0,1.0,0,28.84280104315025,0
465.1788443495305,5.00482444612802,2.6780757518133638,491.21554020901686,1479.1192969803524,1,0.0,0,33.112390446901436,3
500.9663196316217,43.92582036652776,23.180630463689532,17490.552529590506,3194.2515773641567,30,0.0,4,299.0124129634906,1
565.0134189440812,182.53441827419897,35.51834834820572,59894.78301395248,44909.58792987544,339,85.0,1,108.19510114977308,4
427.04868463531085,5.496422641810961,7.620682102454438,1060.3311408111808,1492.0836193813766,2,0.0,0,26.164357434580353,0
442.0257323093876,31.040393385757703,4.66684648230111,6106.3974686022775,8195.809405759543,1,0.0,1,40.68302425725342,0
63.85559023004791,3394.25740063324,3.011372247996347,206354.99587784786,10336.299603073241,1,4273.429194839527,0,24.231391266976143,2
1038.6088875339624,125.11416943916075,10.90133086565194,91189.39224936614,22925.69718165426,37,0.0,3,168.66688848220207,1
86.29744084721904,2457.1400051793303,1.3212657917809802,208965.89271212197,3802.86799585469,2,1584.7111428448138,0,83.16143476775191,2
397.26648072867687,16.92708927462518,0.6989771297936718,2127.8833023960347,4663.97017143098,2,1.0,1,15.252908789439948,0
921.800421549856,30.41163625725096,7.128746767992194,22927.364858007302,5943.057851700893,47,2.0,0,276.9074489477561,1
212.50341662944317,8.227034998144296,4.391474501504704,633.3005453530654,1110.8948755633778,0,1.0,1,42.877551278510424,0
43.98463020667375,2054.7018343819564,1.2600219576432252,87190.03770011204,3914.2447472237704,2,2652.318171496217,0,18.451896834792706,2
381.68947911280753,153.3495793461392,81.79957835112405,29576.830083071553,25568.85567170391,356,61.0,1,159.30034277957662,4
372.3523217009778,39.55007756492775,1.3292567061019167,5908.603341726838,10108.355226174206,0,0.0,0,7.332059157009211,0
359.82598617559006,19.289736511591478,8.557037732648485,3397.1243190977,4698.8209855673595,1,1.0,0,17.67272189475343,0
545.2392036040336,2.517473881887135,2.3127562536654356,320.80155057645175,996.9306110847261,0,0.0,0,24.878075036451385,3
267.22309343916237,339.08368184622344,115.5256294959035,50717.01942253722,44554.307824953794,229,67.0,2,188.17023509320984,4
73.38783362433131,4851.449336742969,1.096681408534014,342598.2934362083,13047.956794279893,1,3507.5049774767635,0,93.74298327673014,2
705.7793453645297,10.761322938271697,0.8012764987296872,2333.90616640048,5167.494978447729,0,0.0,0,13.113457845300156,3
545.8233750557371,5.838211708667949,2.3303716522698017,888.3904039655508,2376.9154946564836,0,0.0,0,37.386879409187024,3
201.04215748871943,722.7209765870763,110.28513047627095,75783.61821457742,80383.63912386376,152,44.0,0,94.68546334993384,4
317.7681217095833,491.5444342937956,79.15034389599245,91682.56731637656,70499.39967956659,253,63.0,2,103.55033310790833,4
360.9364863824485,672.2133553548673,32.70869613419758,122644.74730681695,106950.10384594381,175,17.0,0,65.64113138221894,4
104.61113679361347,261.0508347725924,56.14508142324724,11586.6742019806,11493.070433971743,166,13.0,0,71.50925239094448,4
557.5968557122833,728.7908651447874,116.80824636645576,216793.34125533674,241540.237540794,356,80.0,2,135.48713391025942,4
561.2248465918183,599.2149881301384,74.29141598642124,195220.38019615112,190284.21761722234,430,85.0,1,143.31857468712388,4
428.1167161468159,694.0036951770603,42.501737717626476,156969.7929370013,121885.88073428841,236,61.0,2,120.93255035299183,4
599.8431571140297,6.318254973907641,0.12669643543286468,909.7583502892265,2359.7975990218133,1,0.0,0,13.108563629948996,3
277.36248397376374,121.50902575534968,69.10412849039716,19703.7381424179,17500.662100157017,63,71.0,2,170.66278088918438,4
91.5115153418568,3202.4531919405745,2.002326306376771,283070.636717762,7949.154976399022,1,4080.2668917448564,0,90.37012261568474,2
632.7781943943721,10.41516615446562,0.8144768661281191,1838.5581859055412,4854.955202597754,0,0.0,0,20.935028936463773,3
495.5798435450341,538.4550411336606,58.994118556626006,111640.08309791866,139782.6894302556,108,85.0,1,107.0895574399731,4
375.7836703196932,31.692119856776067,1.006805971394528,4656.006711045633,7561.948009407682,2,1.0,1,9.952847789050185,0
345.10072927813343,272.4599790395873,65.80778855544379,40277.97315731841,50616.70489793692,113,86.0,0,196.3512074602857,4
556.430355828975,426.28016745763307,45.813451646426124,131194.1654307153,95653.56029310825,265,64.0,1,128.73268281112814,4
365.3601594750482,6.2345812918556245,1.774112200014404,763.7187020734634,1714.5505326411987,0,0.0,0,15.782629656611187,3
299.933231518297,246.54368117749615,84.81950864741161,34968.42458049386,31753.132322913032,214,73.0,1,246.67351207298904,4
359.9001011092383,21.286399587703922,6.139777516481115,2313.8161634610283,4805.1121644908135,1,0.0,0,11.944470437738573,0
104.97612577061889,31.022606344827828,0.8414516010690498,1280.2462840970989,1981.7554003810794,0,1.0,1,43.718207824025384,0
386.6002195550553,15.720626858179076,4.088424418674801,2472.7648334529235,3642.3787369647453,0,1.0,0,45.29854528232902,0
448.41710676376954,41.63565585160228,7.008775943807599,6013.39777802856,10414.90420869773,2,1.0,1,29.099921669585267,0
326.2711371077319,125.74648270215432,27.879119688887247,32499.23501735434,8197.047090263097,9,0.0,2,168.44598771541297,1
759.4896627501993,10.709253973728961,0.13898772755190714,1959.5805641455813,5990.9212380262825,1,0.0,0,17.588814833728872,3
323.61014260118213,498.93258765278966,76.62427443904892,76387.48835397721,67048.88348529142,331,94.0,0,77.37577332745138,4
86.26308921387229,2036.9605415610806,4.635296123875188,167077.5951355891,4203.184911409738,2,2488.0945911088265,1,47.45066899886739,2
441.63830521119485,288.6069435236642,75.85956751624035,62300.69863300077,66201.65003754865,58,14.0,2,217.27920145679914,4
65.36585750109528,4757.340062971947,2.4740706313535235,296090.5459230862,12600.02689938909,2,3416.134971317976,1,54.09043699457566,2
1146.7560351737034,121.61001229553187,10.783782337457826,104533.44664411653,33405.98834238323,17,2.0,5,199.72370575081447,1
232.93924269254893,385.7642345753695,86.12826010990308,51146.87469012499,42352.199854895385,200,72.0,1,202.5051354187952,4
356.10576962363643,9.45066300254334,2.3648257620823516,919.8860807604817,2677.4705715608334,0,0.0,0,38.070651326428774,3
248.4642324758223,47.33590312724198,17.84488094284925,9680.832395640007,1269.177256878174,13,0.0,4,238.83629232936184,1
1192.5977185816603,105.67450854287017,3.4127559773634646,90854.57700986987,34808.80946802236,41,2.0,0,190.89541754465336,1
213.79236700220693,32.77201025280411,4.702894396566361,3267.5957752490935,4441.50433138273,2,1.0,0,17.201634642508317,0
300.65993449216484,6.003268199605117,0.9080221659602952,503.01868163912224,1130.562378854758,1,0.0,0,24.54614423791476,3
272.5100340489595,27.774839968103787,2.709237904471111,2391.727151507215,4960.253498566318,0,0.0,1,44.42473366691191,0
161.41327128736464,775.8862422515912,40.968862229090064,72853.48450609783,60379.538566025076,369,95.0,1,209.14554299396767,4
481.39277912204,30.78686430188822,9.36094203452442,6151.0224688268045,8831.148689813293,0,1.0,0,26.917786346852115,0
215.8518422318763,114.89005750715674,26.884902470786763,17665.35784080073,4712.172083125933,39,0.0,4,111.27990280521736,1
715.3051879943768,33.307720995817206,23.049582055123388,20995.86630468031,5925.014767321722,22,0.0,4,212.70687366189094,1
228.25819089294217,38.73102349892324,4.233399765299161,4118.276013221887,5426.549353937419,0,1.0,0,23.666877605194934,0
320.14062908313576,12.752628149624345,1.8622649283172992,1244.2588341676208,3220.6694989850203,0,0.0,0,23.884919715964234,3
64.11907322834875,4872.083844910514,3.8117901944676262,298482.2718074394,8330.845397941515,2,1816.0229186489314,1,85.7737607031328,2
107.08007923545168,4798.34707025834,4.4774113916911835,498050.1749121608,12043.03484078256,1,1119.7671413517437,0,42.98442212450471,2
894.1316539762369,22.096204028387938,12.434399637036122,15219.581045735102,4123.206726720142,14,2.0,1,127.91177638886508,1
704.5906487544025,6.4287927966120915,1.2285653417892424,1590.7044232768528,2783.9187839297874,1,0.0,0,32.249826661542656,3
961.8836118624439,121.59573420648367,9.721207324355875,86650.43955040895,12088.061038854681,9,1.0,1,230.4506194037755,1
421.45089137324504,124.7290775458609,3.6317084436960854,46481.61228412431,14449.845456018127,30,0.0,3,175.2087579758026,1
88.69783537425731,4707.953899271181,3.6604807124544627,408245.6651765392,17320.915391645598,1,2884.7306776095074,1,97.13871349330296,2
117.54889959966208,4838.504615158925,2.429878582006966,541821.9661850694,9488.198203578233,2,3218.2073462907356,0,42.09596189434468,2
552.0408542706541,123.67514920343945,59.22507673791963,36583.18920790775,28608.93298680418,359,58.0,1,137.18689817822565,4
348.5973030234174,15.718225147102693,1.444693231213779,1910.283448148383,3531.173350069618,1,0.0,1,22.873258832830466,0
73.39097021604373,2190.187045373321,4.650804041428442,153942.59908395633,4110.87933744894,2,2628.4445353480146,1,59.9224317082352,2
425.7295928580351,442.2130325274462,69.05988087056582,106662.25878684371,88190.99710188912,308,60.0,1,239.00438350704775,4
556.3419767249713,3.9090261979545398,1.6979909227724554,497.86887716494647,1570.7015460498733,0,0.0,0,39.97028385006604,3
61.08057228166855,2425.9066833911497,1.651104404101475,143666.0925397024,6186.891285550009,1,2205.624225967891,1,53.88234430570445,2
252.8258939086025,101.35935534770886,3.5262597675841483,22225.3547817239,5186.442438110834,26,1.0,2,274.13002101763345,1
554.5885074652806,652.5855666375728,92.56570987580534,215046.43533137612,171273.1139534825,242,90.0,2,208.1777886371905,4
482.3138342107202,96.08858768346047,9.17956477557037,41098.41338956273,5849.264167093682,35,2.0,2,193.18771250864853,1
134.90815074278098,489.6869695745973,37.26631295563458,29641.643672844446,39515.11240854151,129,72.0,0,78.72054513094228,4
446.5777978977951,38.07819697117486,8.133068838656062,6060.65586847233,9105.906211502046,0,1.0,1,30.91660588661381,0
542.1265281150108,7.758890002532137,0.9767969093331258,1671.2797288052102,2752.5921201831434,0,0.0,0,14.113095642229858,3
300.1203348714511,12.471158550837721,1.0576157765058232,988.2676366826189,2532.4581658525726,1,0.0,0,26.889445135457972,3
949.369436644957,90.94047594569336,7.713802879304817,65475.77083638668,21560.00336685314,49,2.0,2,292.79966188146545,1
1024.8537674871036,122.40648447930808,9.93419392895131,108820.19470571063,26168.561726566215,19,2.0,4,82.71503013328228,1
378.14500276667866,7.805361313005865,1.9035213731091536,964.0479896838162,1881.4210081890667,2,1.0,0,28.945106836939203,0
609.3383545344325,7.769565632741051,0.8136874554713162,1589.9630010858189,3667.4153764819716,0,0.0,0,28.6778138968807,3
440.25596595831564,28.935008555338136,7.999605844854316,4577.784881420601,7748.686006810126,1,0.0,1,12.458667963434932,0
112.79695405740935,17.138732518264533,1.042325132848491,785.3300962962979,1328.727042256532,0,0.0,0,15.111552963770599,0
293.68241848479,448.7030099548443,60.04083612368077,52947.759479264234,63136.61834158375,386,21.0,2,234.58555303479366,4
524.8399254425786,12.4739022553996,0.5686865761178626,1692.7877495820485,4817.80204472109,1,0.0,0,25.077009303681926,3
956.9276593414414,109.58574176444857,26.181949467680372,94312.14317352843,19439.116025301217,16,2.0,4,171.77614137465446,1
100.30244808691322,2788.8549631751403,2.23891688700532,271144.77015833464,6412.183421106758,1,2313.0470901034387,1,69.37872764077754,2
483.15157263116953,10.390743831385453,2.84781664359859,1045.4981819932098,3934.7667082952657,0,0.0,0,37.102007226790704,3
391.76168868458643,41.13509323810267,5.4210766308439355,5286.816310005825,10220.737949051818,0,0.0,0,34.81177761237237,0
937.1324139566391,24.772682652798665,15.293532169222235,17812.267341895466,6595.628771024246,10,0.0,2,242.94598783465773,1
273.77939180854383,35.95031226932373,5.360741628698982,3261.7455324886178,5663.911313178492,0,1.0,1,41.279057590687756,0
531.9715047358454,80.4938014121332,2.383107613299071,30673.104168718244,6496.640387552829,24,2.0,3,251.04020278012482,1
459.37720051394876,17.24595122230859,6.653056145142942,2377.543564419007,4519.836471677961,2,0.0,1,27.983628615990458,0
472.2570027830101,3.141004328979769,1.489900632852276,512.8605024201036,1058.200050209846,1,0.0,0,26.273374182316203,3
81.9853400291793,3175.745649161073,2.5673720517314096,250575.29936974565,5223.388029972339,2,3881.6768068030797,1,27.279275520771108,2
393.4202964047692,15.29591744712301,1.2313091433735335,2154.0461889752737,3202.8992419572305,1,1.0,0,18.30351586269713,0
51.28877186661194,3435.1918407215744,1.7171849410401938,168968.49078862555,1939.0391901961627,1,1817.5122681368707,1,81.71633590949108,2
618.1740626335283,10.580033859469793,0.9379776755080798,1492.1613374167423,4129.068494019849,0,0.0,0,10.29424344141929,3
850.2550710936615,31.754467112915897,28.5399838831025,20295.755710600522,4520.84642890141,22,1.0,5,107.1300680365643,1
478.6943159285258,144.65334351475332,5.998800525240286,56501.34219735887,10837.496916853597,33,2.0,0,299.734445879444,1
76.59693172686575,3070.714672923829,4.327296473543933,229650.58613016145,5637.076402610552,2,1727.177132440405,0,93.7917348291734,2
104.95117148546534,3133.913903625171,1.2110264593283633,318474.1712952045,15684.4079721687,2,3320.2531368215164,1,76.97140171429332,2
752.1884168304963,8.836045271429573,2.3955677795396744,1482.527875781461,5220.914039650881,1,0.0,0,36.57771011250409,3
502.4633391615208,786.701644970046,52.66042116328062,224927.08988256205,236257.5015410189,250,42.0,0,147.15222410983,4
438.8831922305963,6.575356166306254,7.980046777548503,1103.1537722996452,1947.1868976313333,2,1.0,1,24.24206001665018,0
802.8928826054353,105.04866006377169,29.949597414637292,60304.44335779946,12196.137696717256,43,2.0,5,294.63242221446353,1
267.59804798413427,20.31668358375932,9.43426080449364,1720.9513710319438,3730.544415808993,0,0.0,0,17.16769788730365,0
57.30407522369296,4228.767881608641,4.02960879332411,233669.1534153594,12014.698341736708,2,1018.8250319601076,0,79.5033248187878,2
270.40536240251413,66.14105612584211,16.089016677437648,14283.882659925679,1802.6542591260568,48,2.0,1,293.85745380440255,1
486.6524950614437,7.427796479397895,0.9717142560646632,1197.656723444231,2833.138549725329,1,0.0,0,38.79159067400019,3
144.77787494712913,17.538937840176636,2.5777431030740408,854.6292167662019,1688.9624060761435,1,1.0,0,30.9476303208373,0
489.0279086125648,21.70431922504992,4.574425349179867,4977.527380846506,5876.215387740392,0,0.0,1,6.512612008247718,0
132.07893097149557,710.1962376281103,66.50422714383542,48553.838591086685,44486.25026162465,144,37.0,1,165.56430125432277,4
460.6270487148698,628.5824525137921,34.30979732759987,144828.76521690955,136096.47076345322,212,29.0,1,87.97639724517354,4
268.4504525660168,74.29670945620931,5.258037584605884,16405.93047798018,5738.101093558843,48,2.0,0,222.61189742406134,1
123.56965413491253,195.01627188263973,30.985972710071998,10819.83838768834,13160.823589130105,351,31.0,2,232.27666466560032,4
608.4505645198687,12.131928017943169,1.7436172351718897,1815.5912594173976,4484.951871123952,0,0.0,0,34.84164918907818,3
386.77252823112934,128.06195466169254,23.4695139774734,38145.118010851416,8685.834430656954,39,2.0,4,102.2807472428214,1
49.62723521944416,1394.1490686709628,4.029850093362755,66346.99118035212,845.9527403788608,2,1968.6952577251686,1,66.26314825600187,2
446.0153475765567,675.0779026479565,81.02597352944922,144671.2899442136,148855.94679323302,170,32.0,0,104.44376016795513,4
244.30740826505325,10.48487420016264,2.220918820579463,1117.4008284758156,1373.7182636761909,0,0.0,0,18.28752301491395,0
541.5879853071616,492.73411475669263,77.0092367317624,153447.00101170692,150379.39010685956,258,71.0,0,123.60775982338113,4
295.48747832627146,25.150242405789125,5.752484346177615,3110.409338623102,3835.9644740880362,2,0.0,0,41.14128903709531,0
42.09266738587359,3753.3230493307074,3.4165225154261405,156001.89206811265,3058.669063955896,2,3048.1902140145103,1,11.70348764603171,2
290.55946760092047,106.84042259659182,5.733150857592104,27019.302586285918,8178.0431040123585,27,0.0,0,156.33096908306888,1
94.98978935489066,2409.7437661063,3.8520673429351158,218899.94110171244,4598.796934769923,1,1384.49305155606,0,46.48635647658317,2
73.52597465003527,1067.6853738597724,2.4598287506729006,75436.95503640966,2374.0327501322536,1,1772.7008380348127,1,55.893924586688364,2
289.95477241206015,663.6894180450756,81.84437373186216,93784.53598539905,102074.51727860155,469,65.0,2,247.49132339201546,4
491.69345072158603,140.16024371683255,8.450825902804905,52227.81098684255,11982.45991849594,36,1.0,0,167.99626402458506,1
355.02910021881075,9.928252122714245,1.3855897007722473,745.8506286629414,2498.956660147775,0,0.0,0,28.626225626704038,3
125.48701789583069,435.5276944400608,89.53378739358752,26159.65407280199,24235.723962101416,331,19.0,1,121.83471757575121,4
98.21650960487736,3677.0283703185933,1.2872583350556628,353883.2193704161,4377.738884478014,2,2164.868124129258,0,62.8921114803837,2
67.86439230947244,49.90193850568902,6.929802339145258,1577.1024016969145,1892.8318972679137,2,0.0,0,20.380208213154276,0
68.00570498199623,2042.2238639457958,3.1876651711288853,132978.41929109307,1570.0665607004216,1,3935.0050367635677,0,24.638846838590894,2
159.706588935298,48.85462693394915,7.907708360486293,2518.987878041804,4784.0866693034,2,1.0,0,40.99348651762919,0
514.1713972174803,6.308123806254286,2.934000538501302,1208.799472218155,2155.6296830362153,1,0.0,0,12.047975975665029,3
76.99921683244747,3224.209697119844,2.1394245238430387,236089.25754321855,8689.349944296175,2,1186.775972513965,1,77.23076496372634,2
67.3220860337091,4858.491422468072,3.036890153308312,318940.1244567209,7933.567201717348,2,2114.1944832547533,1,55.030029010842014,2
65.54053641983174,2569.8075394740317,2.117272516253125,166280.20607216307,6287.944940129256,1,3245.4889310905733,1,86.37151686238415,2
502.27334607126653,675.5014156992612,62.020756807630335,148775.76220809572,142481.51391714593,144,51.0,1,180.16767176738134,4
342.3084965492364,37.985162883275905,6.923191277088757,4260.798686608668,8006.612526189172,2,0.0,1,22.060744626904114,0
557.1923339930448,64.73191032042747,16.575227444536036,28426.478085455314,9954.186427131219,35,0.0,0,110.44175083852245,1
487.0320998405609,24.694759766669154,2.732247347461551,5303.658774489077,7979.113379589248,0,0.0,0,29.33305552098969,0
594.522707045576,133.42635875487758,41.71755705741545,39562.405413183034,34003.42821114383,194,82.0,0,56.279925962548226,4
254.34809834865706,22.409060367263326,6.021398585926855,4739.8145086878785,1399.2506843252106,6,1.0,4,265.44800614036336,1
43.03506503487484,1587.8416236152461,4.668312795461915,67644.83053300461,2816.7370402170095,1,3935.2556586994274,1,76.55531094154745,2
474.34894768081836,7.201944200775987,2.692758376836219,1022.5636271898172,2421.6006047559335,1,0.0,0,14.31528021843576,3
356.3489302191626,2.940037472046289,2.256925307383278,358.70065343750764,640.8509116246283,0,0.0,0,28.390418831559153,3
126.40380169913274,14.204506692625847,7.283608781124334,716.0402065220109,1168.741907373786,1,1.0,0,9.978428162984326,0
211.1268195681563,45.48413287152555,6.271774611788942,3350.176870273546,5758.3867448038445,1,0.0,0,15.675205628119752,0
336.1082732632812,29.290147786158485,4.668074416189221,4090.4296121963207,5622.015071790199,2,0.0,1,29.459878750129487,0
437.39821480077796,627.4147971694739,37.03842419056525,146757.83602372382,112144.21533482504,308,14.0,1,116.580169237376,4
784.621065229019,4.56474801332189,2.8581629707445213,1101.9425587789287,2630.2937489177484,1,0.0,0,28.998505409190642,3
468.02326548609426,37.72723981353894,3.6021373036554363,7311.659425058802,10667.910632646553,1,1.0,0,22.49047803602669,0
433.2750602271435,6.483359188011727,1.9822289550778205,1057.792981219424,1788.8938191971567,0,0.0,0,38.54431758557781,3
251.700780821501,319.81313460565553,64.17176848954588,35427.12391802775,43647.575350465704,85,88.0,0,125.92529328254227,4
485.4451561192125,11.496067114876817,1.290961120019831,1428.2838665486747,4028.964686678633,1,0.0,0,24.11296742989724,3
410.5369632549692,36.21570016016699,2.5973113214932235,4705.331428623049,9457.458660939352,1,0.0,0,44.06244451395318,0
385.93364087438454,49.16799284080318,15.827777479826807,16932.299456140798,4818.439923101525,22,1.0,3,200.83906853665738,1
395.7022811969673,30.25747389062733,7.824188209568329,4774.323572020696,7238.206677532319,2,1.0,1,24.770142583959654,0
986.3316553950405,72.66404709642137,2.0758281949726585,62352.87244225947,12626.832184614384,43,2.0,1,94.1008364279586,1
113.81451472052896,1010.672672037145,4.575234172866523,113344.40662116767,2608.6954675345096,2,2777.340807104376,1,78.28962060285446,2
46.58793151714284,1010.8048673366538,2.730405303827709,45684.71675307024,1672.0504376599156,2,673.5887143142434,0,25.23986716662474,2
427.924474286937,737.8716090280099,20.25694111434942,142942.25125417614,183282.6758785895,341,14.0,2,156.96363298862883,4
392.6697494481793,5.930211600135701,3.0556866445839495,939.6408824730412,1289.5154470766076,1,1.0,0,21.27696146868113,0
650.2768104415907,52.82895065273778,14.399222370761075,29868.73309757422,4850.744959517813,20,1.0,4,296.8768050790671,1
60.25217003916939,4231.727378250876,1.668529669254351,249345.9034367025,10507.440083265805,1,2476.5029645650825,1,60.20224130882322,2
297.3767291080042,59.398548952763214,19.87028362113712,13601.108839620887,5046.082047828204,6,0.0,0,263.8188493996156,1
340.8988501766374,25.242899358765165,2.5752102373914174,2788.534709197124,4420.2561970760535,0,1.0,0,5.558181632479165,0
254.96630683982207,95.21043636645909,4.312020424987761,17743.029972555913,4561.663269278069,42,0.0,3,149.62056879237156,1
571.106091099539,113.61321509008836,20.927789713177525,54577.008701688384,12837.275819415114,49,1.0,4,194.80970497307933,1
675.089872866768,139.91645687529618,4.036578537802715,71420.22451647768,16056.377101364566,15,2.0,2,151.48301476946108,1
671.9310724429993,3.820510006436578,2.0450866245504393,634.7592974205805,1765.3468514345907,0,0.0,0,13.299377072962514,3
299.5465128087751,98.41498152990677,16.66081532027313,22131.030250766933,5724.695238713159,15,0.0,3,251.8022584049399,1
166.8550310834554,12.448422966528039,2.2700483551941466,971.0320090774397,1176.5200675958074,1,0.0,0,31.607394608521815,0
911.0009619498112,50.48493209763218,22.98261246827637,40636.91004318355,5592.8718808754675,38,2.0,1,121.7725724011024,1
41.1612075622087,3299.3561514394996,2.609099069725734,131050.38593381458,2351.7996230161552,2,1883.3142812383755,0,36.79787383050199,2
111.72787302409421,22.623356324316024,1.6821567943201354,1241.796486318138,1667.2387968459134,0,0.0,1,23.791134910321777,0
1029.3851501423746,44.74380676235618,27.682176571096157,37340.25450981342,7362.303075808508,16,0.0,2,175.4127528904836,1
754.4989971864056,7.01840363734085,2.787078859715065,1749.5447063382046,4143.803552520428,1,0.0,0,35.16643241515363,3
312.9865161099567,233.12469486679478,34.36386975221566,35651.227175576285,40396.61036363043,429,11.0,2,169.98885828089414,4
364.2934064656367,3.1883868980059846,0.6168798274810345,392.23852498537974,889.9098711791949,1,0.0,0,25.014846852298415,3
129.6363933839886,336.25390491323077,60.60217445302246,23425.873377650747,23067.976956201288,62,72.0,0,81.14938637068884,4
138.92593785861322,33.70446916986353,7.539321877608495,1901.0566070644677,3117.5751642386404,1,1.0,1,5.526797482890683,0
627.153160767028,3.0404234069571765,0.8027564532158431,676.414310787191,1345.7075059472097,0,0.0,0,13.820463291276557,3
469.10709670429566,22.42951330888913,1.1285692939271843,3196.863366287359,7000.937270442721,1,1.0,0,17.726050880172487,0
112.33348396381814,4220.992347853753,2.0978082008192476,467120.9933776611,20547.979986486574,1,1670.4509096938614,0,79.17176551684585,2
41.57805971705404,1540.7322166857202,3.780785838812845,61165.75759160047,1231.846127022546,2,1766.737424067704,1,62.41608683811458,2
1041.9835280582263,82.77111944778308,20.462006843807632,69181.18769181933,16853.328201757315,24,2.0,5,188.18234746417767,1
644.1152464963322,117.50369357848486,16.886508665405522,61120.66368225126,11778.235616011314,19,2.0,5,119.99135078781961,1
308.68253937469206,147.563485060866,12.685261975055779,38947.61861296615,7676.05048130647,19,2.0,4,112.12462424533176,1
261.1775467030882,556.4102307373919,87.89668565146613,80760.43358533479,74518.85372468707,406,47.0,0,241.25432016153746,4
81.77796171787708,31.59018244347088,6.936861437501683,783.5847546795611,1556.2766330704392,2,1.0,1,9.327944799113935,0
475.2391810370083,112.22705240241672,9.601776071195918,46979.79230551125,9330.605459438786,44,0.0,5,115.93406257959259,1
575.6652748461506,9.870204835393475,2.1459577159230983,1909.3723561833199,3741.3642342417447,1,0.0,0,30.332814830880135,3
442.28041988080133,9.481178612522744,0.4573805372284315,1417.5255759650242,3129.8817475736073,1,0.0,0,37.70780891383982,3
67.65842017543983,1685.5932492990098,1.3159223974649268,111505.02013285735,4720.183739119323,2,2619.2362282802164,1,89.19366072745362,2
492.810298693046,8.894325828905245,1.8366186424866937,1697.0065176874878,3311.373201578041,0,0.0,0,18.10014989395042,3
92.97384098588581,3826.7347828204943,4.572119832343872,351600.2166255531,10877.394558294678,2,941.4202262315018,1,23.61190043322694,2
679.3818753509388,4.4793242890616884,1.7478041882837234,1104.1910657506228,2293.4850260907206,1,0.0,0,17.207940268365313,3
482.5017477918592,8.914582449568297,2.866978748866968,1636.5128321046247,3260.59693538309,1,0.0,0,25.95915203489495,3
334.3517215848319,29.00574913893447,8.991979538984097,4439.019066108943,5143.253382694523,0,0.0,0,40.0357372572838,0
660.335161624566,7.484772230851166,2.551335513258376,1676.8238235548931,3727.8522348411652,0,0.0,0,18.150838485077777,3
77.37930755270696,1960.3388077465756,4.578391493403887,147397.13255657945,7453.692463014379,1,3735.9109984548345,0,95.23362503299232,2
63.62085040687791,1774.1734929582904,3.215361168914945,108959.00592117467,1838.8306617299913,2,2737.2074883073083,0,34.726262616667086,2
352.25378132136206,4.722457618403651,2.913222194839003,554.8982811915197,1257.127276790433,0,0.0,0,21.24252748528281,3
368.1180975977251,86.59387330391387,15.646494621794856,26298.920501831686,9219.953950136549,48,2.0,4,239.45313449084495,1
286.86675841573367,197.1891497835897,106.9334005712065,31107.570686674975,31197.12340837636,153,52.0,0,223.3886991883738,4
578.0249494344021,33.382998811037204,22.13263897214083,15451.97276472543,4664.91817777497,5,0.0,4,153.52737419722524,1
65.46039978235368,1960.2786124287145,3.227700409560826,122460.0989953631,6073.724944655243,2,1974.2498761108554,1,54.68948322416481,2
62.24389986666714,2594.2638464002157,1.680521309534436,158324.33803383957,6610.704615395766,1,1790.734828311281,1,60.57832074637413,2
581.3850354007658,5.241580041787126,2.4692518043463014,676.8230771490141,2333.952908419311,1,0.0,0,22.660706979090612,3
872.8471334885447,114.15308857488732,15.792772146210794,82369.13794152705,26016.049408928506,6,0.0,3,210.24370541359383,1
498.3030626754862,8.594113476819231,2.9879522449771914,1009.471325523697,3410.9245044343565,1,0.0,0,22.808985978436578,3
314.0508418088221,14.734980558286233,2.943135406146011,1275.4789167756473,2800.142315861733,0,0.0,0,13.930436633008433,3
85.30492972152837,3848.218134764909,4.367888474829183,317948.9313427029,13276.111666263125,1,2759.251124344729,1,40.389055192084555,2
568.5036432969621,6.0159645447346035,1.4180728812043961,1172.7162913093716,2327.3291417757696,1,0.0,0,16.320637510909044,3
318.5445600696854,177.43457416260185,34.194666950772536,29335.197032731994,33648.65904365374,403,41.0,2,204.94468584412027,4
1056.8353497231765,80.69415288600356,12.07215613348755,68841.01602976648,20763.444609010283,31,1.0,3,184.60199335720648,1
185.8116759422824,751.8376761432868,85.42996461832503,75634.6452052412,62378.39044335755,432,66.0,1,234.4240871922436,4
202.46784273384685,5.0060611852018395,5.355726822753683,313.5674267624269,562.7664417666845,1,0.0,0,31.246993301587043,0
65.38978664539613,4851.021389697304,2.3922814834445605,305743.39479555376,10730.241279346506,1,3371.4714045250544,0,62.16921673086844,2
47.645955813008094,1090.1968861203457,1.222998393881312,49455.18436407507,2405.639054316292,1,3319.6445309253445,1,57.03155382356286,2
151.94957221823273,45.30936180530837,5.016017120230062,2841.022406310382,4400.0582978674465,0,0.0,0,23.46723153660334,0
355.60337166281647,235.24313941729596,105.49613136015223,35206.89474103233,33485.28310702261,192,47.0,0,231.68924113808032,4
157.04315521954874,191.0048686629389,86.35182854537358,17502.434197837243,16351.892203638135,155,17.0,0,50.510717653612744,4
1140.6901877232317,26.2115774085827,11.862467301980868,26051.68112259777,5358.27838384459,13,2.0,1,274.9028651775535,1
370.35391541278716,14.28709894331266,2.8059728120185774,1296.8967547853665,3824.985218274775,1,0.0,0,20.545226320279063,3
549.6143988077222,97.52504467458087,9.677960895476115,37806.06606257241,13241.938460453843,47,2.0,4,228.55078426364824,1
97.05752040616841,1656.1229258375577,4.8220708256689635,156995.74411291478,1988.911000278252,1,528.879788014871,0,61.93376757910225,2
329.8197923143857,6.130497106029317,2.9743397709297423,575.1778115237192,1266.2140782721701,0,0.0,0,19.082661118538596,3
461.6226585297359,5.385109176943286,2.283099471466772,679.0034454358279,1852.661547899216,0,0.0,0,34.830382216106216,3
331.53139380753186,8.987212128635559,5.132464191838503,940.1347947826295,1732.6298758084447,1,0.0,1,18.776180339581693,0
623.7912721354892,2.0469681229451027,0.8357134557566845,381.50425175306174,924.126515386332,1,0.0,0,34.98529278600512,3
112.28632215906573,39.18120845515843,9.886622883201353,2112.9069851415197,2773.161297233412,0,0.0,1,27.239560126263495,0
361.3465682554066,640.3524785679112,23.943181518795658,134525.5187684411,119884.36936184425,286,57.0,0,136.19416850105657,4
355.1877033144311,790.8137928592043,43.24743344045172,114089.02743025131,121661.47105256995,442,97.0,2,166.12916007199007,4
422.2537486722126,3.7817758859755566,2.562305537220127,516.2611697427517,1017.6881591597088,0,0.0,0,20.196874634855,3
445.81858702257466,138.9294794807151,11.391390777897714,55152.28178121063,12796.94022387062,39,1.0,5,277.706894341586,1
393.37630987306017,523.521677379646,23.402302248993763,104973.6233315149,82868.12738172787,326,68.0,2,73.84898226385224,4
491.45820366488704,14.274907768159228,1.8095656141087337,1886.4760732656598,5087.188507569098,0,0.0,0,39.67537699803499,3
49.993584859250674,1106.7070504354901,1.049702375175729,54508.975167824356,653.0700334165804,2,631.3019952769605,0,18.82520637062118,2
563.403931999427,141.96355242821392,9.715869736656998,61301.59579699842,19208.809584170907,12,0.0,2,125.05652999236608,1
604.9468708346496,7.28741335166328,1.0179316355741124,1446.3493706878708,3030.061618567066,0,0.0,0,13.66256264953698,3
356.8127053168057,127.54927946584196,3.173626068055211,35673.345858239096,6082.150507052291,49,1.0,2,130.90374000290657,1
82.6312262713279,4036.4255931963703,4.052242415052167,325721.46310951683,6615.173562579426,1,1700.1219223819865,0,13.978966954213051,2
718.5372229095473,9.15393111466747,2.10376984849089,2213.4167348245355,5053.58708428161,1,0.0,0,13.578987418054373,3
103.86183972370445,4133.346767698482,2.4092094175070398,412965.6440407215,13906.21407982185,1,4005.16939409575,1,21.355263113386307,2
466.9682273666421,744.9004881760751,37.68473442463413,163851.31400734448,149848.8523154565,361,60.0,0,190.91572555463986,4
144.42581193862125,18.48181602949147,3.444400799551804,1012.883763987794,1562.4670099775124,2,1.0,1,26.07043227986207,0
434.00449184261174,2.6990997693296763,2.780678934443894,389.31503920922876,910.5746077069921,1,0.0,0,27.476550891538007,3
109.99549728599798,25.54405567173096,2.575184153559919,1076.9755232180362,1901.2215569719876,1,0.0,1,21.03340271346387,0
235.1271905933146,26.597247562270557,6.200195207133385,2240.9169883633376,3996.1147099985087,0,1.0,1,45.8518393843088,0
227.29949181745005,47.78214378844623,7.453942447208348,4558.645938185975,5769.327729200164,2,0.0,0,25.66620013846402,0
225.7424097472162,64.33622346798106,24.492528058504938,12772.757412339217,2957.6012524482758,6,1.0,3,273.4249542687842,1
820.0013334774084,64.22898927866342,25.965905308556337,41446.21309831537,7298.075469644277,36,1.0,1,138.4292716276192,1
61.75720862224661,3882.6714698405576,1.1942017088354526,234039.59693392113,4521.442390411416,1,1838.974127197449,1,30.20255824857425,2
492.42813124652673,12.089515779375507,1.3517901115224868,1586.208371212573,4061.6693065250493,0,0.0,0,17.511979415969208,3
119.77362011405796,2170.435576158582,2.431139703367065,256754.39323107252,9994.244787193662,2,1304.691868455603,0,94.98066214278305,2
799.4611396587167,137.31242589438773,12.730030246523047,81592.79111737025,20694.464435902915,35,1.0,2,261.79497840904105,1
431.7864754593005,4.710858023889441,2.3186839509601356,792.4456975760031,1512.072400267576,1,0.0,0,24.689326354570483,3
337.0863151424612,14.898232287829323,2.001222458610034,1548.8787187442883,3782.0593315351616,1,0.0,0,31.539386020611545,3
77.30423919855181,4442.607549550467,3.087292899799809,328918.61182848446,15688.40558444219,1,4312.06470416177,1,14.546820400510121,2
106.22628856529542,1090.4177574369064,1.9753709198644214,110746.39298068934,5139.140413053864,1,1485.082936412693,1,50.453448589097185,2
330.48989334667857,403.38575216028823,64.55752133620152,79642.94518294658,61280.96341849731,447,19.0,1,98.6990518370364,4
342.78563666788466,70.62650841009753,28.64766737893504,18494.899391665636,6624.2636105298625,29,2.0,3,227.8515589111796,1
527.5163095609972,2.3636346645796666,1.2190541291596027,441.4961424580508,952.915850700955,0,0.0,0,15.788033088783859,3
972.8805774635181,83.94281684923689,23.959834818727934,66703.86349623337,9513.038273223014,37,1.0,0,185.3143785252531,1
507.7709052931491,99.77292738861989,27.142188216424632,43669.696889710016,10974.663067720288,11,2.0,4,299.24444438357614,1
110.7365881463455,2888.466976932964,2.5316373127191425,307079.4398819704,10929.011671607004,2,3955.613265176453,0,45.661197208357315,2
355.2851195448017,14.224293293711943,3.2849034374796258,2422.062756839333,2539.9813831424044,2,0.0,0,43.165764296009755,0
630.9837288482031,86.3676339688498,5.936573708854237,42777.44738193357,9174.485233474627,6,1.0,5,295.5901984188213,1
53.24326358584698,3925.4158871095124,3.097797577889008,206752.31056973673,6711.72448637905,2,3909.4613970481746,1,23.078481070296345,2
86.32914159004842,3469.1643042104706,2.6206306880677634,288161.68160772155,11170.892667330434,2,4337.758382964659,0,93.88921289114994,2
52.2434077731057,3022.3433247375906,2.652813522387435,155540.6892716198,2375.1287207223927,2,2405.3531739774644,0,46.39279869830329,2
682.0063128328604,5.801790992966146,0.33603191823565043,800.4191124079578,2712.3870692673313,1,0.0,0,28.741985556868432,3
565.5790455553112,376.3886998355147,57.099325620836545,109783.51540354677,104860.81879441091,294,95.0,2,109.15438027651854,4
245.43938029130453,28.123283055946906,9.08133113656925,3299.2637198483626,4580.341217298631,1,0.0,0,31.069150999787205,0
393.4245097266435,6.621001323323389,0.782999960595453,648.3191522584151,1884.2180656040948,0,0.0,0,21.72107652064328,3
571.7136831251416,286.1877775659593,34.89721062812346,96779.42268730295,80454.9137589333,127,83.0,0,106.88406478075831,4
138.43355169087744,659.9239129881719,111.786085925058,52519.32474340473,42786.53937090335,63,79.0,1,141.67982138902002,4
91.31679670653457,45.78968540049849,1.822831025617154,1699.6595139341075,2434.472046108624,2,1.0,0,15.655293919012342,0
654.9568797277371,117.95182870804248,5.709178377573943,62527.56558221525,16165.228853789533,16,0.0,4,80.13805365826036,1
1126.5853832183811,112.35483595161352,13.729861494201723,101699.10571110214,14789.622975715552,10,2.0,0,237.2776563770035,1
193.03109954237428,25.663515517965283,4.405389284364178,2201.4237619381465,2858.1806984807936,2,0.0,0,38.32817670024667,0
455.18607046765044,45.51881257234987,6.514463844096046,7620.766374612015,11806.856325067421,2,1.0,1,23.202865720498554,0
549.7022806901223,8.171461208516284,0.4190616046752823,1401.3209535991361,2916.9459197246897,0,0.0,0,24.828230842183736,3
363.97200187382055,436.5689525077362,19.808752490502183,66806.27483915478,92233.85564363816,78,25.0,0,159.04221576348004,4
672.5758530438557,134.0629549013691,3.1278765885514495,77631.20799551789,15670.889199857362,49,0.0,0,132.7887588191989,1
1189.7365977122709,69.06039124672091,14.453165149656352,58277.60439786038,8442.041332097662,46,0.0,3,114.8222711538622,1
403.08865289088385,407.1934667979548,112.74845341986328,83207.93409520481,88426.98097549513,323,21.0,0,146.2862405624012,4
777.7070823730483,7.377381812990176,2.862020014785023,2092.7866387852337,3994.465847995411,0,0.0,0,21.2449170876259,3
313.98803016896295,10.782515895525957,8.206439678992028,1571.3425491803148,2116.6243447731595,0,0.0,1,45.74077888802287,0
587.9159448913535,490.4976943911368,72.23007024787216,132507.4443039207,149059.53277486662,92,36.0,2,61.25398884294211,4
70.81747333916056,24.053066631786635,4.251374422667912,610.9974465617587,856.4853528364366,2,0.0,1,37.80532256184443,0
99.00824768275376,3398.8760444411096,1.7102880105264706,323779.37420544715,7898.621960294819,2,4404.31874488587,1,93.92426017999118,2
692.9334283529424,9.226324253154568,2.585581849723587,1576.0989487553368,4866.503268492612,0,0.0,0,39.097767206978304,3
67.09146171582906,1505.921026765238,2.6579239170174396,96042.56896995704,4409.324880103161,1,3315.7436293113233,0,31.328228655008623,2
113.7948488803016,3665.0805476833907,1.9425761576856875,411136.9778900198,7244.710287298622,1,836.0068580825026,1,37.382168033792624,2
197.59690713796277,200.30719400165407,12.86325047988484,17708.457277544203,21960.537435909635,160,52.0,1,90.28879292593638,4
248.0069374156506,18.27683184443703,5.117004691077229,1883.0984739295795,2306.0424736833043,0,1.0,0,14.722311425525923,0
395.7324942083201,29.608683843880677,2.212925386516392,4589.824764299179,7172.925642486985,1,0.0,1,14.413345943356752,0
287.47385861933196,193.16064742095818,113.48213953854327,30546.240655529615,22225.2639520023,418,62.0,1,70.0628981139227,4
790.2789704546467,6.21534863121272,0.7836842220138718,1307.4061936657738,3884.936689410429,0,0.0,0,11.610915638181229,3
81.09630924980445,1961.0503379957258,1.4987897884944128,154811.32731386175,6452.043229537834,1,1850.9919869393889,0,81.42691728300228,2
530.7035907770907,237.71300649972622,27.645947597587018,55840.77215045402,66232.0206154725,102,37.0,1,109.33143522361217,4
346.42956556634914,5.697874878196648,3.1683786692693157,674.271219482401,1003.5312704186903,1,1.0,0,29.379243392040348,0
107.04942220084232,8.404749675684988,3.9346432881633664,286.50221637367133,555.1435743165752,0,0.0,0,31.768132077585932,0
914.8995340913136,95.26709405203887,2.40905191904872,67293.9265803608,19259.521150130327,8,2.0,0,147.93650057691536,1
90.70523249839559,3276.2679929683586,2.5303552946836803,286189.0544135412,5796.263171685361,2,3168.979314532958,1,71.71327462500435,2
330.32043317233587,103.645763437253,7.521123495105856,24633.781005152214,4566.087392770292,40,0.0,1,157.8942037181207,1
84.88957934301948,2200.901816990633,2.6009390145506184,182647.72457823306,8639.915299188671,1,672.0558575202214,0,32.83562795114057,2
569.237988331353,3.8965602042827348,1.7038097475698435,731.3961385118062,1503.9384562615905,1,0.0,0,36.26987871728541,3
596.7430026983351,7.327999283233145,1.5258945794979368,1637.7612514988984,2887.3583173454763,1,0.0,0,33.15676438975763,3
149.36493476813325,8.121258539382445,1.4573910130855532,368.33010438765695,629.4280785701056,2,0.0,0,34.507518592133394,0
78.08165655040959,4606.0224778052125,1.138959789779126,346265.30660078593,12179.880402996756,2,1960.3756809272236,1,83.40989867331703,2
551.8662678430962,157.2763289621019,83.54683514935135,34962.638718886425,45652.845911248056,474,43.0,1,156.33249457289588,4
364.35399169383953,44.299531213736344,6.544767862802857,7299.221865670724,8587.089514658092,1,1.0,1,41.528849758956945,0
181.05503760410838,26.837594342434205,4.040525237393468,1841.2921088458754,3249.9609430801565,2,1.0,1,9.372942219684585,0
48.78263629363236,3292.111840926887,1.0951068092075449,155117.72861814348,3554.801927173484,2,2600.8088009231883,1,53.98581420795587,2
98.52834724155747,2467.9925890728828,1.4245016742596097,237707.10568016415,11950.736423086088,1,3433.607397339623,1,82.3874241659965,2
1075.1180445580471,122.76766633531756,5.9510126325978305,106795.06111261775,15986.373336357166,9,2.0,5,197.73351340967707,1
74.99915526905065,2024.1779455045114,1.4795735485794936,149756.19955503964,7578.206518148883,2,3341.5505897531925,1,34.754900291245036,2
582.7291913177712,118.43458555865602,10.558157911413137,56495.67783272971,14323.205891769785,24,2.0,0,247.92488063940195,1
279.60507699250564,111.90432140414495,20.321700870280015,27362.36969817227,4656.729045241788,12,1.0,5,225.19855902976977,1
1186.5631141144104,97.71919828993904,4.295040570022541,96165.15221347557,26088.279516982086,7,1.0,4,91.79965413458278,1
468.74689328824826,24.268286674279146,9.68322078091486,5605.072463205826,7628.555192150072,2,0.0,0,13.59099640176557,0
1036.8634222265923,94.40097413190995,29.977804370416344,74132.00451855299,15278.331498800857,10,0.0,1,254.42480996017596,1
407.6137494828354,397.79061230834736,23.97228467649166,74468.86975454168,83331.4872301146,76,11.0,1,118.26184809797869,4
206.98226188034812,72.45252597350995,8.573123808299197,12953.487605536799,2511.386889493207,28,2.0,5,298.2156231084482,1
431.2489193900072,7.323596504353078,0.6733035735694299,1387.729636086898,2209.0715898764283,1,1.0,1,48.6261694973916,0
386.49663912661117,797.7778057678682,104.49199698078452,123808.41673801922,126453.03000907232,209,13.0,0,121.15214299886053,4
85.3988702226877,4802.85099998945,3.391183330891332,389894.0919651292,9890.99992072242,2,3426.583615679552,0,19.36112088565723,2
128.44371917807453,147.01044766797492,90.41393341611419,9445.690117042344,8946.17561175783,449,94.0,2,114.20396211017993,4
66.58232563135974,4602.903240495934,1.3954921155052111,292584.0057973609,6734.37626423306,1,2275.666792186159,1,59.877432695385835,2
418.8910375046242,32.68487472039549,3.409409397472811,5815.821950354083,8288.88775505466,2,1.0,0,40.644213519224444,0
262.4442749739241,69.91311115754019,14.444346814801964,13363.49405763698,2210.9561695294888,12,0.0,1,179.48732202237795,1
702.6393926642061,3.8122447461495605,1.3141273790394308,1007.8561532192496,1907.47172842281,1,0.0,0,10.408131863520047,3
484.45660504563085,347.9544746239932,86.3704828787603,99161.96905944792,88521.20846482783,210,56.0,1,234.76688728467283,4
68.32157104256089,4283.638536282464,4.130048032823318,284402.1897957134,4733.700113795959,2,3882.5052004600752,1,82.54739488554347,2
330.98550348970514,8.087751379747282,2.500246293150663,776.9599154734761,1685.977595904818,1,0.0,0,30.394122128773954,3
627.4864540902679,62.93700677527097,17.79849086716701,34362.68158062163,5540.968467031198,35,2.0,0,108.41837795348428,1
265.9884760806166,718.9194609576202,96.64796039750607,100426.79938572858,89418.1010604352,400,26.0,2,117.71947085087055,4
441.28906854504135,132.64901564806775,37.55517565731736,27555.948354660588,32071.98936188621,280,59.0,2,213.38134201891697,4
90.00214302482632,4416.065334675146,4.209839261349481,378240.35544190765,9998.181389450425,2,784.0982705973065,1,64.12696498032503,2
396.68819731282304,50.87282967201992,10.397132603847014,16720.86037502562,4443.559339569339,45,2.0,5,261.27948341359524,1
353.28677133111233,5.227771273079841,2.0276764884662373,756.7622845725617,1179.0238021450903,0,0.0,1,37.04806496063912,0
374.95820111122134,13.96468737023239,8.957042525043656,1871.8375510854073,3003.245317118837,0,0.0,1,40.190690071983525,0
145.49469610528928,5.890804625626448,4.211480054366422,289.9380476587175,499.1048150579729,1,0.0,0,37.97145727656262,0
214.5671547512789,52.16196711758495,26.256188207501076,8203.083745803231,2048.4604821022695,13,1.0,4,260.314101674476,1
769.6092474388427,9.53978316587709,0.7886598309459626,2053.7202892795435,5518.624959749474,0,0.0,0,26.98142718772553,3
445.62020556830515,281.29725130974293,109.18360601955227,60903.26847741562,70553.6578774172,99,19.0,2,118.64993816111848,4
293.2450530292573,159.99706540679875,25.32364533400337,18810.88714497624,18856.899659921528,64,91.0,2,145.88924574740116,4
43.683612803591885,2412.0970774346215,4.877268813077347,101443.79979055208,2781.2562689846004,1,2629.3224103484104,1,90.79872197672692,2
507.38434067351244,396.18273828341125,109.36461343228044,99837.7947888472,103481.3108708051,425,90.0,1,163.33121552041246,4
648.9023492472043,8.967167910677926,2.6671640542124004,1457.0487538770308,3934.855431395304,1,0.0,0,36.946633717287085,3
370.27472715722934,30.184190756911136,0.5928230504822447,4082.6681395546148,6745.456432720622,0,0.0,0,8.712884049818957,0
46.51919818474212,3572.051920739065,2.8604943965911183,164314.39368293053,6171.725113745754,1,601.4859521692624,0,47.300314153193156,2
404.1728956555246,5.316314171612862,1.044162385237422,741.4011163339931,1130.8014062745685,0,0.0,1,34.56298203202128,0
444.4954659709707,12.394736039246554,0.904863059817509,2018.4978199131306,3410.9112359357664,1,0.0,0,34.84968905925528,3
311.9806925621349,11.934866289950012,1.7846503049142073,1210.5596081625622,2272.5847122627124,1,0.0,0,16.045423762723253,3
512.2307795464694,607.5946560375538,103.80858450732424,135309.8422067396,138344.49337754174,193,87.0,2,89.52131627817175,4
94.03644944186004,1351.465323727771,3.7323206938965416,123683.70870402882,4293.2535680040355,2,2620.990105464971,0,78.6281600848618,2
155.16738691260147,119.23963638055966,40.10650675629837,8397.53414571524,10432.665109762576,238,26.0,1,133.6511106512096,4
45.274311148598585,3127.2940432432206,1.248503082880383,138848.1331941676,5489.074120748984,2,2551.530410038295,1,16.04778136771364,2
735.3708726383943,41.986232143743145,11.02859467189819,24331.22548991339,8232.690390715696,26,2.0,1,166.88794092472165,1
113.2742196883025,4832.491181918452,1.0421041852388058,541711.9360756294,20429.244740946237,2,3374.125272488984,0,87.51100706980638,2
441.3497038374999,30.20971156306383,11.979332603790612,11326.828496862407,2801.7813357976247,5,1.0,2,254.38574488535576,1
466.8992880987718,140.83574169785936,6.828498891268055,53652.150127074776,13881.443976831482,7,0.0,5,248.97966325210663,1
744.175688523771,11.822947313714236,2.2138498907704283,2369.467912802299,6840.995232061815,1,0.0,0,26.337162744665026,3
323.99618222312057,29.731264552496462,9.053052046705579,3668.63826620287,5434.99114303683,0,0.0,1,35.08576910253113,0
106.55920424882778,3287.3933155617824,3.3355592934881937,335726.3049833617,4541.437928204498,2,1358.9405004862529,0,18.554181279551706,2
466.77206362392394,35.539013041120114,8.448938291120573,11965.077746265637,4385.20930782877,29,0.0,0,90.54105094093342,1
303.4208266168473,33.444042327780906,5.981886312388153,4460.398655046339,5086.166743678665,2,0.0,1,18.480455507924326,0
268.38283294252454,18.556936734200015,6.1843961008287085,1790.179426329234,2788.922850001871,1,0.0,1,7.9021072062125395,0
905.3563701941182,51.67301401492578,15.120850683402274,38280.25298565821,12975.97480088321,43,2.0,5,174.0871988813172,1
473.43351655162274,40.94524560981494,9.980374050066706,7175.154784977845,12666.79203592053,0,1.0,0,26.590159708542714,0
55.74493995682457,1063.5735725600143,3.1476050820816877,57654.96968719475,1503.4209718929133,1,2111.014474989768,0,22.11932452460112,2
1140.8762674947088,43.77609689892692,17.888409824650427,38725.96455339424,14632.618067801457,43,1.0,5,83.73320844940262,1
181.61104297229937,681.1992244537358,45.70601180076155,59853.94026444219,66371.60187663413,185,54.0,0,227.05654208851686,4
723.5787285015539,6.026861322362068,0.6690253883938563,1350.2420372944996,3011.65638042167,0,0.0,0,22.664654947824403,3
316.98967559358243,317.70196920716387,110.76535438284078,48476.966301625696,45714.4501989124,304,80.0,0,56.6595567130344,4
342.96087760075216,116.49815996213417,8.836525044052284,32746.626298025007,7072.732963792927,42,0.0,4,186.32474269259154,1
348.10079862712746,117.02079563397999,2.23393171681988,29888.100231978406,8805.258779875086,47,2.0,3,241.5398467167574,1
321.6182043941741,29.165336975811126,8.614291977679791,2906.8881124587647,6253.37169822163,0,1.0,0,41.116355581091575,0
714.9611564917452,10.567443730083209,2.2343898161584916,2926.146943139516,5983.432352304658,0,0.0,0,38.68678591228462,3
351.9801824740512,36.94133845186782,11.67755703701245,11202.282576337871,1940.8963873746309,28,2.0,4,213.64378585988524,1
110.80954567261168,1179.741809810905,1.672362341411901,124804.58980574868,2246.8936196727977,1,859.5131204025522,1,52.13011514094341,2
741.6932435245112,14.292193468976883,0.42944687147454086,3960.6328560399693,6633.937131133175,0,0.0,0,39.46793684067089,3
686.6381113334076,14.121271449906036,2.1505786208672237,3675.9919426049937,6276.301335815667,1,0.0,0,24.19105375251101,3
447.0327847273877,23.186314474296484,3.6068150348507677,4493.439611230031,6857.192904517355,1,0.0,0,19.273807254442936,0
704.3040159547282,5.065868674698324,1.4376845461415877,1050.7718422979392,2383.9478152956904,1,0.0,0,12.749146155271836,3
67.08213077814686,1082.046412093558,2.454232621393191,70499.81703059132,3257.2703870791465,1,3014.8855481023284,0,23.297169199416498,2
619.1254926984944,13.514902023464051,1.3275366164175255,2968.635332470177,6646.784922641631,1,0.0,0,10.641665400252393,3
759.4752594563463,21.889437584578786,4.26659165662597,13556.176760861748,4775.351726933477,11,0.0,1,142.1589900057376,1
653.5687589678432,6.286258280384647,1.2331760083563703,1430.423759284431,2959.330260650127,0,0.0,0,38.348956269584136,3
648.407841015933,61.66970168484442,22.84373910677313,35758.23975639016,7501.8525272252,12,0.0,3,114.59184632073136,1
54.40144360406454,2734.42413363814,4.227597391678756,143067.7073525186,2998.41534388957,1,806.9094877128235,1,15.419832800071264,2
95.811710622378,3119.581186215765,2.566702386142196,291383.2093874685,14569.673897621939,1,572.12803930092,0,46.594526774148605,2
548.7600052267229,14.279284813472922,1.3881004958266505,2603.9708958245283,5780.67413037998,0,0.0,0,31.367466755320418,3
79.143212600301,1763.7954355017714,1.062689495554903,134946.79111032636,1874.0520916504556,1,4280.759044508026,1,66.74124675181818,2
531.2946206706819,299.8800565086734,27.27647725090526,78040.02164308137,75068.37522944793,394,58.0,1,143.92577612847305,4
574.5778453951195,11.38409108693046,2.980781085664507,1480.3313353399133,3989.1121689257707,0,0.0,0,35.33096473639289,3
394.26210176818597,17.439876076252823,3.467316467912379,2946.5557062735174,3707.2567695190573,1,1.0,1,12.10796702759066,0
543.4931467534291,503.156717188253,80.36660162032172,131681.41986208403,146289.21114217467,56,50.0,1,240.57390407161674,4
495.74756259502067,53.24668120127905,11.167786844536543,19346.933349413164,3596.166738217795,44,2.0,1,147.411398857228,1
409.05937370684603,31.009484443789887,15.067407384763435,10102.446362980767,3401.810383983388,18,2.0,4,206.82393626270584,1
119.8279857855888,11.835621208053245,1.8188581401693962,607.2542615273296,760.7091980088501,0,0.0,1,26.328273811829256,0
72.22209074786664,1144.8290459495397,3.2045653447789353,80891.65435319547,1205.29828043301,1,4184.277945198326,0,42.93274918722179,2
325.77743663312566,14.463662859809684,0.9037657801481648,1765.4390101673298,3193.5564730887772,0,0.0,0,14.109904858569024,3
571.6898594973754,381.00671339920547,68.12388817416353,92474.02840966117,110656.05904019828,481,19.0,0,82.72742178319751,4
300.56273208344436,71.12399306289798,19.267955814109726,18644.35310800383,3617.8676848882333,22,1.0,5,149.4172997458898,1
93.37522757140488,1979.3582032380823,3.866214559115998,180002.31649944026,3414.0456153494515,1,1785.849911791218,0,96.57798892607133,2
723.1580008059826,133.68176342687352,3.216134002597849,72718.0072081198,26599.828505035024,15,2.0,2,148.0610836576028,1
114.7968017799679,366.66203387166496,54.82878181690096,20920.466716862073,22468.60427527148,315,45.0,2,226.97456810926172,4
596.806608284692,8.734030373155598,2.2557995784292855,1892.7552436973633,3842.751201508891,0,0.0,0,21.641478101752426,3
64.48007788665339,4708.825859163324,3.354344389397017,293396.1854987953,10944.810703327787,2,2151.033281109574,1,54.959424604082436,2
278.95918678850694,8.747798503786683,1.3711893989555703,1026.1083857832289,1490.3773376466506,0,1.0,0,40.621056967663186,0
800.9571949974973,24.458727169430517,15.931850334884324,14319.961267704099,2675.745770887433,12,2.0,3,294.05155968944916,1
558.3272003643013,9.926040916884794,2.198864517682578,1136.133442810422,3957.686755160056,0,0.0,0,11.152992922974095,3
332.51064275076635,33.579214289043975,0.9303880928344229,4186.177231264747,6980.324097463427,1,1.0,0,29.271985178002815,0
331.8937278776765,226.5674445263447,81.14524571901258,45009.31034015279,39441.83361542458,469,84.0,0,77.10897672230297,4
51.24678649991176,4478.760805038182,3.7035675548331737,227168.44556358235,3140.7567842746525,2,3202.9870413887083,1,45.57286897920259,2
336.68037975845976,4.545910144625038,1.507234438320358,546.3261139824097,1066.9233655724606,1,0.0,0,23.998622540165407,3
148.34485816887153,258.5224226306384,108.74757491198385,22854.517048750964,20307.799023736432,171,57.0,2,56.639297221093976,4
632.0105589303627,149.87643475347386,8.169167016252311,68261.85073643753,20555.663438639334,38,1.0,5,226.72579186258776,1
156.8808608554383,433.87752376716116,49.184957623831316,33911.54268013258,39776.58295259229,110,74.0,0,73.26804464882125,4
358.9348095905656,682.3385218836545,93.27352599071364,123355.4208282921,129685.20078777015,388,26.0,1,62.448745231756185,4
105.47221179982587,4961.49771831545,1.7686909328577958,498950.9360361754,12287.145673000332,1,1596.5446687677534,1,66.97260148669682,2
240.2889457345421,86.58791199801671,21.05342495068247,18441.286273583773,4662.115314673623,43,0.0,4,146.7448195984093,1
101.03943490317553,2544.6236743752843,4.817587608133897,253617.29126554227,12467.65674324122,1,2479.3138264856807,1,66.39927751822069,2
60.69198897274404,2362.620309149197,1.2563383504162648,137252.0764191771,5825.189352463448,2,3427.1043801506894,0,45.751791832015165,2
315.21115719664215,10.748355203202792,2.467553406448555,1309.3052601517022,2626.57975219187,0,0.0,0,25.621113461188408,3
215.69590559627966,66.81295200167472,4.515019623916933,10828.146058141347,1707.784608731421,28,1.0,1,299.96683378700806,1
248.08715730080118,709.644462594929,12.015878539971851,89620.24583577982,96048.74808343842,488,34.0,0,195.13836978294916,4
498.6866343872387,367.1277517070123,41.67302101741083,83687.02898513337,85996.81344016026,318,72.0,1,82.69117166678166,4
259.8009488247728,32.55161678428301,2.5243075825056778,4125.3923553115765,4239.772537590276,1,1.0,1,21.809966047145686,0
169.4822126175709,37.12786846279654,8.314080546649869,2899.537908832471,3841.5805852116478,2,1.0,0,46.25562608160508,0
780.6452259096341,141.67184227231274,20.82301924423745,88062.24318064791,28968.81929480728,34,2.0,0,272.252490214624,1
1048.4717744062646,67.22319571785533,24.230183736651835,62601.669587632576,15833.138079248798,40,0.0,5,166.91173432849513,1
413.95248307092976,25.61840990320517,5.088204284810875,3464.547117065942,5473.354853295162,2,0.0,1,45.92255864037783,0
300.83569440426754,791.8488428016113,75.9162744315112,119755.07020541222,103740.67495909192,445,37.0,2,75.48861111402461,4
950.1532294315125,79.38631459229757,25.678685774765597,54523.77658143958,11395.134222978446,46,1.0,1,182.57572193612378,1
80.55996159437612,38.56370173821554,5.718563554330153,967.8838127986581,1976.3247155657232,0,1.0,1,47.481894222142905,0
552.8328715421891,2.4204887429456683,1.9760921891849157,415.9684867301378,981.3376040159333,1,0.0,0,33.89037326438947,3
408.2735102584255,9.104274637191066,5.196992894674524,1157.8998248342511,2267.040608234844,0,0.0,0,29.5662096574245,0
91.82578438595485,1838.1384958005028,1.580422293585801,166455.04946583335,8228.888405218484,2,3415.482037954383,0,69.71518624647314,2
423.4881244470196,21.101060791772213,3.5598996710836857,4427.75203560627,4827.00164937939,1,1.0,0,14.006760991016455,0
93.26794916801025,1286.7175187013386,3.824851943860262,114172.10417854285,5244.212407327272,1,2376.664194269594,1,73.61375005091296,2
104.1961396385195,3946.7435034774617,2.189270838048188,391636.98782006314,6457.321761229709,1,3618.4345701698603,0,69.790136001605,2
515.9213862923834,322.90195625411695,79.60478153165593,99408.4863061974,95848.71697009102,453,78.0,0,119.70635642293803,4
91.3277863475892,3574.2178678256764,4.608704639909935,316741.6328169976,8624.37649452228,2,1652.5979561335,0,95.40780984684109,2
400.63209014657343,112.96778098545283,10.818657733725265,34454.393870165244,5904.338005730759,17,2.0,0,98.24120790678586,1
213.0102134258727,142.81751042732753,15.69805496326654,23375.549947044696,8665.397396765607,25,0.0,2,200.76515538985427,1
297.4802138051744,462.0927818712866,102.2914963475782,75037.0558906613,65140.0864446595,386,85.0,1,96.97173859972011,4
307.6219518562374,21.702628220878914,7.963609483526709,2340.408295905153,4591.75344473012,2,1.0,0,37.82586964242487,0
1187.1000859241167,92.94952761657267,21.248232106344286,84419.6306993986,13124.745025078482,20,2.0,0,156.69254327742607,1
368.81000578456417,131.01257467844087,2.3704067613482316,38768.84212346763,12267.57532701229,14,2.0,0,260.3174713004819,1
536.5472690496874,14.591979599497083,2.3382483511829872,2972.3561546522,5220.121934386695,1,0.0,0,11.17451632831234,3
753.4871465342394,13.621839758844217,2.9016814858549376,3869.6987121539482,6175.162923678637,0,0.0,0,16.02922098373719,3
332.62759456250296,13.172493681196956,2.6185494895158685,1289.9920779727108,3079.5242674216133,1,0.0,0,39.341025666570545,3
265.7036091383419,44.072262743377124,7.4081061627799265,5252.490113532189,6851.5985801704655,1,1.0,1,6.804913613561712,0
993.8181039080397,105.72498507065968,18.17859740703037,91750.48404933047,16589.503813290677,36,1.0,2,170.46190469128805,1
128.69423730354538,197.27225951954873,59.66047306005397,12109.369976803264,14129.50477959932,86,28.0,2,100.41941302279511,4
519.096017391792,429.22667788218564,57.84881628040008,102268.05049269968,123607.14696527598,60,81.0,1,69.01933386982279,4
576.4703740946261,13.171682921786678,0.39455921656951765,2045.6196537191147,5373.250757718097,1,0.0,0,31.850839082101675,3
614.825655521352,70.34567348522937,20.471327642053282,34098.845176304734,9932.294097568021,42,2.0,0,286.91086963346856,1
668.5438452521762,2.0483093035357918,0.8557338704781509,421.27757878991633,967.5725464896544,0,0.0,0,22.336820878949815,3
107.55372279385219,728.7911455770889,67.97483965115492,44675.89455643026,32292.79676141847,432,53.0,0,127.3382989277576,4
333.51403951876136,13.64434927172402,2.1062738997626473,1020.8030885297284,2789.548618770023,1,0.0,0,25.802364874148193,3
386.6399397976826,23.33965383302306,9.967158798954145,7116.420632979632,2016.162271039839,26,2.0,2,129.72730329350347,1
371.0849552228574,112.11008591867886,95.63889081037459,19372.659972503443,20568.27211054514,337,19.0,2,194.87641030332674,4
73.95170341988286,4441.480549121923,3.1685500372246667,321092.87344567984,9450.614846439157,2,3410.3733732189735,0,46.9829412724455,2
324.95656608401805,33.85166213809469,21.274013497582416,8271.788255666908,1660.3039910864952,27,0.0,2,112.57314708754252,1
688.9060717219586,5.187989457011825,2.327294117336839,723.844513533849,2299.711938798769,1,0.0,0,15.47804194246834,3
915.125019816888,144.4275282301735,13.95894127008961,105077.20187451078,36953.3369909946,48,0.0,4,216.02397572605335,1
342.5565550331156,69.678131728234,17.532490491905918,17074.51357829681,2406.8598443827636,32,2.0,2,248.5137464681394,1
198.31602123300115,287.7027116760431,46.349246738051235,28237.572429689026,23613.80941102721,290,45.0,2,109.15322623941917,4
613.6786789852604,104.88647984803211,18.229334722387826,45342.64309060506,19162.450513260686,7,1.0,5,240.30438253205259,1
470.75524008037706,42.237784394294955,7.123489128141549,8805.782852522998,11777.95037658179,0,0.0,0,10.630636571378613,0
711.9202575855969,4.593014928829676,0.2762308783490985,809.0602916031545,2240.5738242712896,0,0.0,0,39.13015550918926,3
607.7157706652253,36.323525222842676,6.79625881900677,19104.741839258913,4789.42784886919,23,2.0,1,122.55577545042617,1
360.59369504330857,89.85426458961355,7.374752291880322,27341.382703967338,4999.782940528555,19,1.0,3,228.80764116020134,1
641.8490344777326,120.1899561988304,9.392359690013004,54083.95795772522,18028.58339408021,20,1.0,1,177.40190409542083,1
559.092471171555,8.783604117982323,1.6643596309150146,1490.678409937647,2955.1264550644064,0,0.0,0,31.14360960520796,3
650.7817702447587,11.341821616947845,1.377041672535966,1686.5156951334748,5374.348127903062,1,0.0,0,33.221851208383484,3
684.1844983225968,104.25327654393928,2.514034751978271,59259.61518499417,15957.39472718848,19,1.0,0,298.81072118882685,1
61.225048559667314,1672.9233728147324,3.7753815450890653,99947.76758624842,3840.408045799243,2,1831.2734443666877,0,78.37491958128328,2
361.9558383521986,525.5917618375763,119.61742791171396,87465.97517853774,88447.50491431801,343,55.0,1,198.89767798985326,4
471.4598293149397,4.51723452994278,0.6753755555823214,737.990222614931,1539.3923204380442,0,0.0,0,24.440674963235566,3
543.3009691957409,62.71418225519825,18.863176466563203,26047.36706337905,8701.43739420236,22,2.0,1,92.36705920117326,1
345.0223396728585,34.25753076994526,3.964623869844406,4871.281562342579,7046.999808232539,2,0.0,0,20.294373369562976,0
681.9861868264059,118.28055143063003,14.664792981437394,57162.463937853754,13061.402528225139,41,1.0,4,89.60540431686188,1
105.44312785225405,42.203604561181116,0.9525919456468127,1981.842469371234,2913.828966738522,1,1.0,0,28.204673263540403,0
981.8909129968897,119.56162370501646,21.36635825226316,104850.05205857001,20980.048773952385,21,0.0,1,292.3461204800617,1
128.11896684703254,26.95330387365829,1.7354539338558175,1612.9898242884135,1982.4278786028065,0,0.0,0,24.985747092458823,0
528.1686624178537,591.1594581213907,94.2789848226899,144534.9251586292,139114.5447306026,86,54.0,1,92.3773078899915,4
123.38857509505665,781.9905683695622,101.15149009588607,41134.949123856466,56384.094588129905,262,66.0,2,152.0384517827212,4
255.70683611524518,36.79909401335742,3.616750225077008,8177.121764681317,1052.1077627137824,8,2.0,5,144.9928479890283,1
173.20400387352956,33.119334482314954,5.931586839865613,2676.4102589300737,3907.736474193042,1,1.0,1,12.32667723545887,0
1096.236249146133,124.87201500685799,2.1023767176501797,104585.0019658279,25236.193123481444,23,2.0,2,137.75226390629643,1
448.8174114163321,583.970511650513,45.84191543294988,146019.09178746163,152035.4681624977,223,78.0,0,119.79802160283151,4
303.7178263830719,373.02679435801355,99.07290891792302,54553.71631406118,45917.38690870684,358,72.0,2,242.12016200250426,4
160.0182314005094,26.97685830423224,7.506874616381855,1748.5066041396337,2186.5794786473407,2,0.0,1,44.55405051270203,0
516.7715514019005,8.073263733581804,2.143990079633077,1092.1079191256472,2766.2919572167593,1,0.0,0,17.739274878834458,3
359.9700919287679,11.43661758758726,1.7521862789471083,1262.8341544552895,2842.624281721386,0,0.0,0,10.828892674252453,3
61.61991000493713,3018.564223792301,4.902277853424328,181288.615582027,8825.115351060458,2,1879.1477146181462,0,38.007424222205,2
370.259152125436,55.32197745103208,7.9563550516476464,16811.134014919488,4111.523470049773,32,0.0,3,191.39712172177872,1
440.86019693008177,26.294445801120073,9.697837565189857,3907.7811986668603,7809.933553951098,0,1.0,0,25.41621355723772,0
481.1464991582431,6.745666608043471,2.6503101997667486,674.6049875026272,2588.722263023025,1,0.0,0,15.506897348419807,3
579.9924541188376,637.6629336533981,32.889593633512135,176353.55527938553,188175.34333206408,94,97.0,2,118.71808434666097,4
294.0776835616267,49.68341582536851,1.2010673649862893,6001.684196561986,10137.845882862566,1,0.0,0,14.756409796392106,0
245.6227012182794,28.51295814885148,1.0190269900092368,3464.005860978947,3818.4454768151554,1,0.0,0,24.68668669736944,0
991.463540889519,98.32107799144916,16.325880310532394,69426.65167556674,15359.836969694308,47,2.0,4,109.71763216966735,1
384.91971665062397,3.381975677068368,2.7295528804604063,520.1038949471972,823.8019499602352,1,0.0,0,39.321668296247225,3
130.21533857631886,426.65206052596284,119.40922167907087,25544.23373521078,30402.216723733985,352,76.0,2,235.09031845570664,4
399.0895502375507,6.962169728949519,9.94822985257474,1094.7096653076442,1544.6179066771015,1,0.0,1,5.695547743799034,0
696.2951255006396,90.77997317939192,6.7163354316936275,53860.497721123196,18772.370680752945,49,1.0,5,235.31788865163855,1
200.26833595396667,284.649088439771,87.06586920429775,33653.41716254292,30896.022512375497,107,46.0,2,142.20196976792423,4
406.0235398288778,399.02681368586025,36.29282004840361,76762.84187073416,83991.67645291612,163,74.0,1,73.29254977832642,4
387.3864588196375,44.66528508537596,3.140069923864244,5862.004134917274,11696.008137346353,1,0.0,0,29.97882271860288,0
576.8016838753972,555.3383449962812,84.04246325409497,139590.9164810998,159686.59258650086,193,27.0,2,192.79108464841033,4
211.55747926933338,523.6685303005274,20.63815521712268,54646.57019147428,53979.52950459743,232,79.0,2,122.88536226705023,4
293.8706148461529,33.46448494846226,6.62246763264982,4562.684461626737,5572.875159419295,2,1.0,1,48.085160856714324,0
60.43283366814747,3454.111536654292,4.780149861454418,198707.71489001394,2095.9533438301755,2,4309.965201737298,0,89.24935081050613,2
749.9397602855761,5.707067383630875,2.7117885230956533,968.0093952459869,3132.5262949420944,0,0.0,0,34.342225081019684,3
550.2116218162669,2.1855247493273797,2.721315818222792,251.16501639578436,799.0478677631194,1,0.0,0,19.277683314198566,3
485.55583188829405,11.067487468482229,1.4798019960307338,1973.4111087901704,3953.106331632876,1,0.0,0,25.49537387873724,3
170.1563942245221,34.32697915599357,8.20151631586953,2469.650760065786,3924.6138660474867,1,0.0,1,45.14381100231055,0
258.54120869647534,475.23944802896114,82.73099897051318,66434.89230466855,52508.182613641664,360,52.0,1,168.20479763906434,4
484.3115895033182,22.28930208436101,0.8704621194616601,3305.323546695411,6235.144539650446,1,0.0,1,19.094281748157833,0
62.159825476377286,3139.6163455305773,2.394036599128342,186431.05970382065,4027.24343036893,2,3921.632648417152,1,79.35782743132857,2
240.65523523537126,722.9752252506363,116.38332960802222,72046.24841725823,85995.01668016682,163,30.0,0,125.49954182750452,4
50.81822807641311,2090.708209577926,1.7630173189730556,104686.28996186674,4071.3981943039794,2,1297.400515778745,1,38.207202836830305,2
121.36351071548528,37.212123410693984,9.13580894632359,1517.154934908843,2472.6553139708153,1,1.0,0,23.586402859146364,0
563.2405503557015,347.7802235852047,89.69742025677222,90145.25354723907,78399.158441065,75,57.0,2,243.2552503794792,4
107.09636196270877,2714.2584504071683,3.906343063305813,282083.5644900662,10138.7351391476,1,3051.2887170376407,1,48.26704452162925,2
258.7675338847149,27.568308215757487,2.8432568501513615,2812.080599887883,4511.281226435589,1,1.0,1,17.286827869751306,0
447.1324650313067,444.0179004976364,48.99385058607828,111693.82193696196,99066.18717039574,356,32.0,1,63.60005672951547,4
1019.3982309664927,66.77723708275364,17.1414376764152,56871.94152698759,16373.223783849773,47,0.0,2,150.18966457201762,1
79.10235105837329,2631.9774489926094,1.845140150279751,201804.04566464064,4922.599464543471,1,2547.608485078496,0,66.99809569929495,2
482.36791904265624,30.523985695039457,26.545187156444968,12452.9994230663,2360.1149901698077,49,1.0,0,161.8580960918371,1
50.095607282098925,3711.5796739843513,3.2882185567255258,180207.74596132667,5514.10791285669,1,2423.766432337214,0,18.212649320714327,2
762.1083811217729,8.568320073261834,0.8172995463156976,1830.157281636565,4856.827955525084,0,0.0,0,30.067003168558532,3
453.3470820082991,531.2616833908797,107.33447861316726,108243.3295039984,139902.82232884553,196,38.0,0,124.8211474633011,4
463.47344569384825,24.91661775176459,5.445459460529097,10361.844877462516,1882.8556664771043,16,0.0,4,297.9567628970831,1
430.15350050569003,13.4843272587163,6.888374731237774,2873.491833126934,3018.368019770527,1,0.0,1,19.7170089868318,0
372.3492141449633,117.80357313712504,27.524554378571544,35566.09304559969,9010.97172820081,27,1.0,1,281.90690137973536,1
395.1515551356149,13.391957498469052,1.7595765877069007,1261.6916372687529,4014.866925536944,0,0.0,0,10.243028249419673,3
51.639315779826106,4349.320615732164,1.062250185034864,219169.38171619957,6152.145786889389,2,1429.3421836960727,0,49.61149268916938,2
1147.6861770642795,48.44032209341436,11.134174195466082,47323.995436637306,9937.536162482294,45,2.0,4,133.35974084825355,1
998.4535050511905,111.93968268360503,7.330690016316972,86434.04783647734,13541.749765260134,18,0.0,1,290.2986979254001,1
888.1176592063503,36.66444946536002,13.909981895559541,24403.56341826524,8130.005121073113,26,0.0,4,212.58739140779113,1
462.2759530162499,12.383159459954307,0.7108722331430564,1769.5085461108863,3640.567977718693,1,0.0,0,28.21973776773178,3
50.58644448960731,3707.9984214631436,3.7001864891596794,185541.9249732696,7217.512349475443,1,1999.858196298117,0,19.40256872343426,2
75.58443960470254,3673.954483933616,3.519682016245038,264007.19457337004,8788.026099317349,2,893.9785667176129,1,81.20774458762284,2
631.8070951077773,121.63137737073441,15.55684490057541,65996.91281398722,16545.110667092904,23,0.0,3,235.2078054280857,1
351.40428086792696,3.007334771764744,1.8204524635085941,251.37823057681516,710.4257647430093,0,0.0,0,20.641594176964045,3
45.602769890542504,4164.730669555738,3.4074052904712167,184780.08436600413,5381.490904046656,2,2442.264809133717,1,50.502566081681856,2
435.5659345945013,141.2255139026597,26.066083317497142,51791.32088314656,12083.928627476254,14,1.0,2,249.45032844297214,1
58.2777260733619,4465.709611595024,1.1332927977580338,256740.99924588425,3834.671441842791,2,3291.9618859911698,0,85.28971520526524,2
1163.0941308978026,139.28083629752484,23.40791138526405,115959.7175280133,30698.472679144066,44,1.0,1,217.09032782452158,1
424.5476368187106,315.0695755247019,50.915045351146965,55708.34510247177,76431.31577827364,179,77.0,2,239.9921801753783,4
439.7197277843768,31.562849432892186,2.649651528035202,5230.199817238177,8188.8388820519685,2,0.0,0,9.449312793828593,0
178.96613794869276,16.9924277016897,7.455753495361092,1064.818603910407,1905.5935792365117,0,0.0,1,46.14853756662319,0
74.63740375992428,1576.5426559575806,4.291000059060493,116167.87151412277,4111.0654434857715,2,4391.426418841371,1,33.86406067347835,2
779.5035433822172,10.303610331760092,2.556436064724609,2473.869396176485,5484.489992537753,1,0.0,0,26.908497567949002,3
452.1550097764395,25.504553875357082,6.391259679114599,4099.356157484353,6199.88899043867,1,1.0,1,15.322763556722736,0
747.2606217749674,4.469954619629698,1.0959884215526288,1077.88451004066,2068.055258141354,1,0.0,0,21.163605880240862,3
69.91422957654271,3251.25044381452,1.1892981205456854,216318.09402528638,4553.4321384923505,1,2244.193191890351,1,60.32672919818636,2
475.6098153337848,6.0804318552889445,2.084208044706274,703.0491031171184,1977.868851569975,0,0.0,0,23.812804670998045,3
741.1347822597882,5.176962702443901,0.3772218352778225,1105.5077679046633,2821.139936188017,1,0.0,0,22.76065822986051,3
654.3102002175655,2.811841623668163,0.20196606853705218,429.9312810627677,1371.7142632640523,1,0.0,0,15.151934887056075,3
114.90775579768666,3366.3972916669586,1.048250071289603,368014.495368515,14735.538606165192,1,4071.183758359543,0,28.204946298160205,2
509.873487459103,7.993636573844861,2.394109216086526,1196.5694772212935,2908.07205677789,1,0.0,0,19.01580271715488,3
97.95667016074712,1741.07208861035,4.857351072844023,164778.774394427,6164.587956510316,2,1033.5544683730382,0,80.38308428964271,2
400.27387115507236,8.332009328034067,3.90542442117059,1077.8123355055227,2243.247580379347,1,0.0,1,21.686821348921985,0
590.519313340606,114.01028522105297,70.11135361007678,31531.151488744144,30659.7900229905,240,34.0,0,88.14320204595899,4
390.7887541914946,14.534862597894405,1.7787318263593497,1729.1361046214977,3418.0590765758616,0,0.0,0,30.315702819303564,3
118.28627158874991,4861.768882954842,2.6650439974403004,552433.8258237764,12711.399178309204,2,1172.5643435789884,1,64.61738270208357,2
256.9498444592291,34.21950460595967,9.394665903954802,2750.3665902929574,5846.691569461982,1,1.0,0,31.948043003574753,0
246.0691696754676,90.70412975094528,11.479512768237438,17737.008168924836,4969.0789233703545,18,1.0,0,175.49075106519976,1
505.16625378791775,209.36810227357182,52.78543341907311,56446.8457721266,62156.5140977882,152,52.0,0,168.19999181719078,4
95.86356104377853,33.005446907776076,9.821189449241798,1069.506771160957,2083.567145567646,2,0.0,1,36.42400207524078,0
608.3561653835675,3.2184232587763133,2.3647062213924332,779.8535525906215,1382.780463666407,1,0.0,0,17.23095213710833,3
86.67376121464014,1246.226710399997,3.62166278721142,102650.10959867502,4450.053605804048,1,667.5215753551021,0,36.31976241305642,2
521.2354634967592,4.020879798033945,1.8282306276190428,524.184489913742,1397.4300057105872,1,0.0,0,25.10745332243381,3
62.559948214797735,1875.1774063068901,3.087739856258308,112174.39049584078,4301.1533722984195,1,2107.8076984608783,0,13.286834144323649,2
90.51019491163433,3386.0640027945233,2.27260874321664,296683.61136932456,6092.238627460455,2,1009.998906687943,1,57.94404598350867,2
507.67908947794854,140.38774277637452,6.527447491671632,63657.69003904417,10060.6642760216,15,0.0,4,177.62969460029393,1
131.85155124216317,713.0738894360683,100.78466573333775,44121.37057461882,48266.41467556092,420,22.0,2,207.9695816970695,4
431.5188995425166,7.5495270442191575,1.221633681156878,1150.3750092406326,2530.4920260158888,0,0.0,0,35.570663811624556,3
486.0766940541309,7.995412756140029,6.659021070794908,1223.5155627897784,2235.035172258217,0,1.0,0,15.419679618427196,0
656.0939909897461,6.121959001719756,1.6645690645544569,1358.3437225324715,2748.4173679124037,0,0.0,0,15.233396985728277,3
428.5028217371386,13.052742760825838,1.1310761681445622,1375.4500800988421,3552.5480190993353,0,0.0,0,16.3637619616582,3
51.872135718897226,2595.3656477878826,4.6176057460678095,133274.96009667518,6662.5066911543445,2,2924.866568883064,1,71.79168628673057,2
57.99000734445567,2086.1790746737565,2.7970395677233566,118087.69307332521,5352.753599586289,2,3794.897144547949,0,44.096271836549946,2
639.1306608048505,25.193236527192262,12.144217720005734,13932.508267162168,3869.2524156375503,14,0.0,0,173.9168401211266,1
561.615763932766,4.445928531105222,0.39826201897923386,714.50114137146,1666.6405257117178,1,0.0,0,34.17716941056706,3
215.3242370926446,159.66820845730774,44.51436739172823,18275.588940036305,16286.15029782783,404,47.0,0,127.68156677439038,4
327.59167366713086,423.4804458912267,57.117662935570216,70235.50307903445,63082.263427757185,443,59.0,2,196.21517634690971,4
381.77579048355227,696.6618682377909,52.480563853141085,109641.84006741871,126304.20569161337,417,93.0,1,60.166532842669724,4
440.4939093072492,46.53321043093182,4.924151162028726,8120.479134742387,14014.020625620025,2,0.0,1,46.0737258295608,0
44.403016711417294,1749.401670649708,4.637843192195085,75410.48740873278,3225.0365380907174,2,675.618454522549,0,42.2460517261494,2
599.8520682553724,6.550505718017388,1.3877870251195406,836.416743908574,2982.9141585561615,0,0.0,0,18.87440088254079,3
798.8481093306068,11.794045493957865,2.9152938726501856,3367.4886145501473,7467.982380878726,0,0.0,0,37.51526305372195,3
504.00737453139175,282.5817560175061,97.91498169206797,64703.85391502022,57914.65386610094,471,62.0,2,113.38580065644723,4
395.7126400996491,126.63293146283567,20.16491918906051,39276.1123010205,9601.41100967221,6,0.0,1,244.19983454891312,1
90.6771295388618,1423.2014376965597,3.5141761235154445,123089.83471506347,1780.6758561343624,2,3577.0022369663466,0,97.9680652942373,2
63.47169158286278,4511.219194435939,4.059544640661185,272271.7461886597,8609.658956180177,2,1912.019003887345,1,74.93984943341151,2
89.69601156833457,1014.1464948128985,4.724524702275397,87731.82535371844,2353.923576267007,2,3010.8016544029597,0,82.35491776984469,2
406.0074940894901,21.964349386682603,5.743907870146851,4110.614982863438,4540.989166660247,1,1.0,1,43.161894032066776,0
746.3388266724509,8.528354840008657,1.9727183570095168,1539.8036513643772,4350.303187935168,1,0.0,0,35.27070363155146,3
108.61283176338051,2064.9339780712057,3.058107746328962,214023.29263371223,8164.797788764748,2,3463.1194686426898,1,57.09326616447916,2
446.5199580741077,16.607373247182004,6.7698484373247005,3436.6831852123287,4531.182747929476,0,1.0,0,9.189624551265464,0
509.6734969629533,9.721186770161856,2.603700803116876,1148.6467683860433,2987.7298786810416,0,0.0,0,10.779468811773409,3
413.95117618587733,49.87570549566212,0.7852470506292317,9899.254414132474,12894.032794294857,2,0.0,1,47.334798486027545,0
745.4903404948357,46.917420839794275,17.23124711597909,26103.64274442616,9436.122837571014,36,0.0,3,107.11444078916132,1
79.22803528445286,2267.542208689083,2.3421107653995934,173094.81262652267,2679.2715480698766,1,2228.0991985349665,1,19.986063493090306,2
71.85679712943961,4087.857737399534,1.1537025825562344,283773.0552788922,12326.208329572959,1,1666.3070783030612,1,18.744821376936898,2
1140.8801695592042,36.164959386013145,26.50374132139226,36894.09610490717,5587.855298616744,10,1.0,2,193.5823258234883,1
388.9535712509481,112.24688324031837,117.10841918059086,21586.64118520756,20900.317388179996,391,48.0,1,201.71104569335822,4
739.7816188063906,9.540566218875279,1.3893562377846926,2505.3551555176987,5279.083991623998,1,0.0,0,25.709789861886357,3
202.8521474882849,433.8337978725926,57.4709718948418,46481.86810259769,51829.30429273398,63,43.0,0,119.4667531462127,4
405.88198817832114,65.82253610263564,5.5310839670015,19395.183990416004,6284.691883179559,31,0.0,1,192.82377973573125,1
68.80963129089018,23.72692991808927,5.072769440535574,496.05921055244767,901.1570046058976,1,0.0,1,13.536268167860474,0
684.8184833957062,9.852233955477317,2.972821513970984,1707.4297589927903,4132.318652254222,1,0.0,0,35.4625740000653,3
973.1835012587583,107.30640658206038,2.8882297708488722,84273.36529194044,11230.228266075334,11,1.0,1,203.7344623059426,1
326.04459398112886,6.577800286283167,1.343078738258274,782.4576254892453,1615.4506412420508,0,0.0,0,31.377338297417822,3
161.34283608026558,33.88369814849099,5.921171426868881,2261.2076640610653,3458.36388358277,0,0.0,1,43.11773721427548,0
50.451906535731865,3559.722749802099,4.088609325972461,176797.44344028173,1890.9987519996712,2,686.7912715404523,0,73.61855609890947,2
333.53382577014446,10.453993044994329,0.4482630490574985,701.3011640509249,2128.167468177342,1,0.0,0,29.684491435094962,3
497.7580762538642,29.542150454823613,1.3379161860037716,6196.26051806952,7798.226664655128,0,0.0,1,20.317419691452756,0
546.6501081194796,5.847904126871571,1.045936677705937,1253.7154711335716,2034.8606536800417,0,0.0,0,29.55656271648986,3
754.3053688998027,5.685080384843081,2.708337784304156,1535.9104655088167,3072.117858264842,1,0.0,0,36.70316420328112,3
461.0161029877436,9.316341957707266,0.9075991225240884,941.1585671935397,2718.601599900837,1,0.0,0,31.65728721976912,3
53.74989620313975,1236.89322158643,1.4215877393165601,63649.78404261048,1571.9061545155073,1,2264.918676366867,1,28.983460249586074,2
379.5032694929451,564.5992767641358,16.867771243081187,123037.9291316396,93640.83504980434,72,81.0,2,239.82241074554778,4
490.2551053725294,93.05158295755623,5.134168187774099,37494.32103273104,9748.162372751673,47,0.0,3,184.93634637588383,1
304.5380172830478,119.9629457379048,33.216147819353566,17773.318106282604,17671.91495112688,68,95.0,2,142.2991596902672,4
410.1150262673781,771.7891603857031,37.74631409846475,131105.30070013506,157782.7272495194,149,71.0,1,101.48979756851817,4
101.10511994822642,22.3518916631,1.1748314459180202,773.2410797437377,1233.6136605531544,1,1.0,1,9.54401480679925,0
432.22469090134314,72.69229688410394,9.536523987765618,23241.761332408933,8064.652708968342,28,0.0,3,254.91276387334887,1
120.967937537551,144.14826868489166,113.67499228601795,10408.466206661897,7306.158121593113,223,17.0,1,195.3512114796472,4
1176.4565294354102,144.10662639427895,24.403852317058124,126868.56489268478,19260.46183507488,39,2.0,3,175.0908330909918,1
82.39284868487593,1275.9492330347225,4.873725103569879,103603.3270318002,2141.3765252455037,1,3349.5761138916864,1,51.502760009262985,2
772.0871817528309,4.206274413133839,0.12771873982939888,803.5443305377562,2101.222728452913,1,0.0,0,39.17749097653996,3
51.02103435188157,2476.224637367216,3.888389785071523,120902.81919554327,4246.176995792448,2,2343.8783688501585,1,72.44926198374901,2
421.684856703188,3.679390931513743,2.5865030552873223,483.54674311540765,1198.214397443316,1,0.0,0,36.22891231224888,3
435.34388233183057,414.3913961254437,107.97044249086788,94624.07916783438,107888.01164352316,150,98.0,0,114.11878141606356,4
349.58407173079934,49.64599923533026,3.1966180217821276,6453.280754982539,10010.093332116601,1,1.0,0,37.99008600868764,0
263.3676104635856,42.89103837553916,2.346610322951294,4318.172901904007,7228.408559657182,0,1.0,1,37.15677968809784,0
914.5623460931563,101.04352507371439,29.175530780397885,75018.06357970322,15458.329723385674,34,2.0,0,98.94554431140224,1
42.430366396357,3851.015019050337,1.1850327570451356,156970.16100304184,4883.714259764234,2,1486.9896826695235,0,40.04334205383137,2
45.11290567593129,1663.977842700501,2.2038091056463527,72933.11249514167,3082.5188376743636,1,3530.039291274024,0,33.0535796656374,2
236.6561793268598,308.4038936409619,71.68175156169588,32960.9770481089,30259.280023975858,286,13.0,1,149.62968744691338,4
71.84803878011374,23.964981871066133,0.7581626528630195,849.2938048896931,904.8094606895352,0,0.0,1,45.98465727397618,0
346.6460880437784,549.2796461785598,29.907753536659467,96753.10130377488,93309.4069118069,148,90.0,0,128.63540631752008,4
283.37905376875955,140.70600775269122,18.232639218313615,33230.56491129972,11256.799252753572,43,2.0,0,88.53588004035524,1
379.2990029190212,10.341924603672396,2.1792330130852435,1241.607943598484,2466.0409453328093,0,0.0,0,29.877497931218468,3
44.995802495800596,4284.313447992964,1.369383355781729,188334.6166172106,2363.3074342303794,2,2292.6833880852737,0,45.89393742316516,2
401.3441012891788,3.4539972693692276,1.9567560934642583,551.8354138869265,1075.4978759746589,0,0.0,0,39.476462846187985,3
265.798217795239,111.7780845866064,8.669864193317252,23106.828650884345,5607.5524522444975,28,2.0,0,111.94950438135479,1
249.3930879485858,6.011118874405283,3.0524349141569878,612.1356317650531,939.4991795990877,2,0.0,1,34.027437549619826,0
532.2138142610518,102.36106048538886,32.13784769953984,28224.455618142463,23561.183183634785,375,41.0,2,207.79543757045874,4
1168.9678620822997,141.30009489859884,26.378801110000982,129557.86027422815,39354.71824350724,34,0.0,4,225.30333870017486,1
43.30002587773844,2726.6034167375255,1.2089823348033115,112610.10260894535,4292.1046027853345,1,1344.6321497277079,1,10.101832760878317,2
137.6043951759959,131.41997984770617,27.797579237926485,7342.610613510836,9883.402340121185,242,69.0,1,114.91285685109527,4
431.8694743133318,16.428869355741114,0.7955981992148979,3177.6161844181847,3698.4680384637895,2,1.0,1,8.133851667308258,0
379.7883943431156,38.71227375955774,1.8862597033338817,4713.002183540921,9029.977670263797,2,1.0,1,32.81700804431536,0
947.2246450885868,60.521431794065556,10.574698866395211,49735.426439709525,6562.349747257307,35,2.0,2,210.45664450620868,1
69.34447081120045,2610.8465986068013,1.0054220979917954,175595.26351440564,7262.253518316902,2,1118.7393927394446,1,53.894698148383256,2
503.01710329718463,6.809090059671592,2.4980793360038973,792.0978231174475,2290.5711969560843,1,0.0,0,18.90118867509699,3
463.23277689676564,740.5315883012572,43.42476103875943,188113.18118592002,186201.48581227512,459,87.0,2,199.51324683596462,4
529.2129370224578,8.798457608386954,0.7954538446497558,1761.8049325569912,3698.162194778278,0,0.0,0,23.49181924971346,3
303.6367264807956,111.31269756260625,10.38481627015913,25476.43486617176,10125.915087637628,35,2.0,1,295.6574657196298,1
218.8646811391268,508.95303490496246,52.5843982599513,45322.40504370362,53528.26522639501,91,46.0,1,114.5664778872938,4
313.92531278002184,20.19421858996556,9.890955655956743,1933.8412277770703,3490.0669026903806,0,1.0,1,16.235102873310357,0
437.4502295540961,36.55264377156169,7.407039235346206,6594.493293291256,11023.770037274522,0,0.0,0,26.71251891059123,0
389.6378122352187,37.19709081946735,5.451724258610676,6731.872144971331,8495.627276117213,2,0.0,1,47.959701351498836,0
391.6153593710778,2.1152616157371043,1.099804543080957,245.6729303441224,527.5771601120264,1,0.0,0,39.87569287534487,3
110.87040391833743,267.6183698598513,69.72366463774983,16126.861496478994,17093.61933584263,410,78.0,2,86.92544134746308,4
877.1449666716692,35.47276958410834,3.9299805877701615,24789.44054249995,4481.086103135375,17,1.0,3,99.70452534958835,1
61.496058860341456,2390.3992578346038,3.851087174067618,142913.56310269592,6786.6504619201505,2,899.7275082176386,1,80.71774514980596,2
658.2389834569749,8.402913153125578,1.9578024922672972,1564.2033167871336,3649.2436137477885,1,0.0,0,26.272303860349258,3
102.23875407907634,2972.116418084157,3.256507775047986,296620.4922372594,14252.787822266564,1,1691.919178649078,0,26.043560333989614,2
431.42238934200196,19.10065629133144,7.994858481872068,3942.020933980115,4835.195605892779,0,1.0,1,47.13445192861206,0
670.7700684738165,6.361398677570855,1.1525224597534809,1285.6545630101493,2868.2753799910092,1,0.0,0,38.00505630107305,3
778.2744543646032,4.6188042613953195,2.6054753815335667,949.9723307480468,2868.255621814486,0,0.0,0,18.909846734182494,3
233.69193192809513,5.487694316613426,9.101128775983005,408.14271851731684,723.1144137542145,1,0.0,1,26.71344273391891,0
397.4488170911317,147.93545489741084,22.615110542892943,50262.43365985192,13596.200501604499,25,2.0,3,90.20863492332765,1
605.1971425753297,97.48566741209413,5.008615473609428,41498.197586046335,16632.309768668092,24,1.0,0,257.2091301270938,1
422.6598428719638,24.068221414194326,6.841724043268969,3246.1710615510183,6355.598432823017,0,0.0,1,11.88427103728532,0
60.90627167527215,4939.831878503324,2.2389127349101274,288735.3216311713,6359.905222437991,1,960.0437473123914,0,75.76156876786987,2
374.98851207577235,12.190860947634038,1.0640983829181512,1454.9431446514975,3397.1590210488835,0,0.0,0,13.980461396825484,3
576.1075340273147,9.249596219091412,0.9043898586665741,1572.936005786881,3698.97108363652,1,0.0,0,13.796690289827147,3
305.69113881239036,13.97773917183238,3.2925164596605265,1484.4677770103349,2947.0016476640976,2,1.0,1,14.339342129256655,0
106.14456902248263,3379.813955123242,4.175573447048288,355008.44531017,13333.381216509037,1,3119.764418269286,0,40.43259896354276,2
512.3219856545248,7.095429821847978,1.5888426267046953,1315.6223136698802,2583.6029127097568,0,0.0,0,36.70943368640954,3
85.26964160950347,28.967113373034294,9.640158739624473,795.0825662348794,1676.8835244538839,0,0.0,1,27.281593715628844,0
426.2724300031862,110.00605980007384,8.533319034181146,38689.45060374165,11695.736105316628,46,2.0,4,223.09355474125016,1
182.3081778534186,42.29318791183682,3.889156603589098,2746.3413600613917,4692.07713917629,0,0.0,0,12.437012257835113,0
79.89068051522231,1180.238327678902,1.7441362454851146,93100.24230365183,4627.130232973251,2,1407.4820653259767,0,33.44657008923721,2
185.8175087076865,248.37136318058148,68.5238155516729,20090.35609186678,24321.92566108435,153,53.0,2,211.6220693228687,4
219.60228517460405,20.92051214313962,8.371278180107772,2103.4903031774825,2579.9107831825295,2,1.0,0,19.703414391351835,0
94.41142743293415,1226.8186054801865,3.255213564446577,111010.27358856551,5554.286133241798,1,4145.024607337153,0,93.10462011916513,2
191.34446745367092,186.25470844932516,16.574326840548085,14381.790851331822,20514.52985155266,261,35.0,2,240.6104144403282,4
845.572181427428,25.926070533326943,28.48718491567678,19038.106001533935,3492.725762820001,29,1.0,3,296.4869331414086,1
755.1337867531885,96.43891183029825,13.941992922772112,59940.51159782916,8470.555123924007,43,2.0,1,249.98761738819664,1
779.1298040350491,44.58009499118535,27.225416447475737,28996.97531113418,7872.5201385924565,47,1.0,1,145.63430358924973,1
279.4391440187644,769.6112874356811,119.30862890855371,125422.73504528197,89674.51814476146,128,93.0,1,232.23671786148591,4
84.162590067188,2429.5056137918496,4.863974969633304,202130.6245713549,5673.855148085074,1,2624.437690176622,1,59.30304262523224,2
363.6967570439236,218.8742421270142,98.04510696576138,39553.05495742574,40977.87829730376,301,16.0,2,116.14782871319305,4
398.163802501931,391.0522311040772,42.99906176090822,63792.49658018803,85458.46901969884,340,10.0,0,238.8969550186899,4
50.57147025358884,3381.9160266626923,2.7973722100072864,165366.0013415213,3438.08995844552,2,3370.582345370971,0,32.64390727883427,2
456.7027807372782,3.942614727846248,1.7825114724099482,598.4359009998077,1340.0577578343416,0,0.0,0,11.484550406616124,3
608.8096907769777,14.931089068623047,2.2320334362988388,2210.4378642217885,6993.346403778166,1,0.0,0,15.431510814164426,3
487.16476513055744,62.60713936649666,5.236957097122342,23720.642814690236,3277.051575383838,32,0.0,2,263.9840888825412,1
388.229928229617,753.7254067049043,45.53976220240075,138446.25551101062,119709.04456865766,300,12.0,1,56.52035441028951,4
948.3608334286197,121.910716498864,11.08904634671445,97606.16014487244,26771.63070560138,20,1.0,5,253.66345163278694,1
853.1367332918554,39.30281379068697,17.520419763742673,27006.60004093707,8276.898049777246,14,2.0,1,226.47256832315162,1
50.93883221833882,4056.147292669887,1.0721516380185778,204005.88107718754,2780.420486163952,1,1040.1525467221898,1,94.70220263654024,2
264.54887948705107,585.7573895879723,104.59326214068338,73776.04280742693,91887.80497412947,388,62.0,2,234.06571532540775,4
509.4127948704444,141.77419226095373,16.438943430158048,57737.604282138294,9799.257498608102,22,2.0,5,211.4087232327566,1
116.49967646957337,4066.8209519872594,4.878227500892741,464236.6735104135,8065.689975291994,2,3316.4174430865473,1,42.20319517323486,2
538.6825228565342,156.04456386215838,100.2756802303677,43223.01077293267,34158.037973963685,209,68.0,1,147.64199565529836,4
732.4709078838974,93.3741564113672,18.816329515639808,50149.8657125242,12033.726169825173,26,0.0,3,208.19095224200822,1
580.8361035497787,7.34930125754906,2.1737938824111547,1269.5362697900448,2924.3722223620034,1,0.0,0,24.81396687147238,3
387.5874318520905,8.159183710001688,1.980643032886892,650.3562535351941,1906.8686712072808,0,0.0,0,32.10167279504189,3
866.2678614790385,148.54861908059138,8.320376267495568,100112.71179311001,25223.06666689502,48,2.0,2,262.53903059075736,1
640.0305141534183,13.664674737761784,0.4949050128485565,2187.1047255682734,6196.7575474940495,0,0.0,0,30.740495928284872,3
419.86195636897685,77.82911671426885,27.183550620685107,23746.9522300099,5795.0020253573,32,1.0,4,263.69423285025175,1
49.86446442571398,2945.7864467641903,3.500868234611409,144406.94097526954,5456.374991154028,1,2713.7182446549095,1,35.91807471392504,2
452.1015359046624,36.847460762038736,1.0909306485646761,5488.4162838089505,8355.52309079263,0,0.0,1,11.042368290602399,0
43.809218205644136,4836.523731711657,1.2875010148344979,206201.14879643984,9765.276309016695,1,3547.22101981981,1,41.500626787961195,2
762.3237392795781,3.3467629499672333,1.674666370864576,670.4901112373257,1669.2832441164715,1,0.0,0,24.625068358608395,3
744.8816860293934,56.85593473522212,28.5559043551618,36781.49129925138,10353.73452244716,10,0.0,0,188.41189609029027,1
89.95276935162846,32.170795382722446,7.022604178179765,934.4177002897391,1669.0806628468088,2,1.0,1,9.152815643296575,0
369.75179522500304,161.7640276999441,55.185991720037826,30453.879380860002,29451.465148022024,111,59.0,2,211.096338662382,4
60.54507848137913,2785.0490072395946,3.779155994395139,160726.9590926537,5696.344075042717,1,3194.846590883395,1,43.29352857750928,2
192.39936082199142,49.81241187632168,7.12078803070624,3611.5914198136716,6204.7944862348695,2,1.0,1,47.76851678344514,0
263.6976842873608,9.144286395480606,5.75710065320372,1032.8350321053724,1545.0782745353545,1,0.0,0,35.42118296236464,0
475.1902117734757,138.24627035699103,19.748904931308374,46930.049685119855,18512.438180454563,23,2.0,1,131.46302057146465,1
587.5127281308197,3.4194569532456907,0.6167696376855656,418.39229728023224,1530.5324173826468,0,0.0,0,22.604036625493013,3
265.2767575664639,126.83911195787732,20.096678142406677,27909.5126429067,4228.476854049851,35,2.0,0,280.6000852986783,1
260.1293322564914,746.9900664443388,22.682182926135656,90085.19490469903,78936.66734395816,416,16.0,0,121.79408593740173,4
772.2838145420012,77.44098205183832,11.708125314605512,50793.01737551994,16668.167694378535,28,2.0,3,243.7772769242618,1
598.3812924932045,169.26661118057444,85.09059815895668,45636.14162631641,48454.82715836489,384,37.0,0,100.10921178622564,4
88.1053459468921,3250.5303834695533,1.538862923478903,273798.47647156654,11944.458857386335,2,3004.979291052132,1,49.41675675663116,2
82.43785497582337,2663.097254326296,4.401507677198822,210580.17806121067,4300.4297358779795,1,2273.2812830907947,1,60.49061527734287,2
217.0843430983212,359.8868468805496,26.20314802830823,39152.98583105293,38371.133426667824,196,11.0,2,123.30344071092408,4
65.91242532505615,3056.347499517095,4.5187228185991755,194241.47389350046,2894.947964451781,2,1141.5755000245808,0,55.25053396947745,2
89.3168702583038,4943.690635880072,3.5598255404582817,434671.19110498385,21120.18638889218,2,1694.6886295501988,0,17.07958524828328,2
142.48455073810743,8.985001290045862,1.4814350926781488,533.7690392737895,816.3239638795017,0,1.0,1,35.86854811923428,0
1041.0961706161015,149.5904069565872,14.04960886329403,118993.13699214524,43813.87418808772,11,1.0,0,238.66938284976163,1
197.98936124583383,507.36054905404814,96.47269925834456,43581.048039405956,42361.71677643436,105,48.0,2,210.9976112119845,4
446.47640332271936,44.47677932717808,3.6388760368198514,7309.2941811072105,13856.90812141324,2,0.0,1,15.777957645929215,0
86.31497409642856,3588.671088203942,3.747544313527026,303888.07453013683,6955.12910932434,1,912.1667737239308,1,90.83297535986415,2
352.77296898408207,555.0992142528748,45.418139601253635,79939.24560570341,97742.19534796852,420,45.0,1,232.13554798366093,4
431.48009591298825,108.57589172137534,28.325129355058312,33232.203120326405,7679.867006370001,21,2.0,2,291.6975182540145,1
997.998035219224,116.01098694160525,3.7862475751007403,90011.5571698382,18125.519202070802,16,1.0,3,282.0747526095139,1
94.50505482783073,3133.579566027218,3.057615474984738,284373.7330788891,3374.567994009485,2,2961.603018836959,0,91.5390235584282,2
375.5809790941133,9.94991072999206,0.7944478606499535,1395.696793657709,2486.6724359732098,0,0.0,0,29.611602782799423,3
730.3642796940424,2.2003944598292997,0.41098382513161824,351.1735082734417,1193.297612055398,0,0.0,0,36.92220907577076,3
291.2870909923163,8.901734533798262,9.602622533537339,1171.1844000435376,1627.8342638455922,0,0.0,0,36.15244540330336,0
104.45403032341633,3676.734608796572,3.929765836521797,371486.91553894855,14282.438318383656,1,1479.1994920069037,0,50.209285102142694,2
111.34439088680817,4655.185037706516,1.8630999857707575,493316.1654040405,11515.409683340418,2,3832.2277650568544,0,16.932879998570254,2
200.0110678558769,19.433423319715736,7.382015389834111,1745.8686642427942,2099.2050561406486,0,0.0,1,21.58368546756925,0
261.36811360816137,658.2601917238337,47.28182886666806,77631.84284031004,76473.58347496613,334,97.0,2,227.50185221138352,4
452.5106297484294,303.70475606541527,16.354292886927524,56201.075808949085,60604.075206501104,199,76.0,2,93.02604528493583,4
75.84601212653075,2384.7003092245163,2.3531423688396362,177672.7887303458,2709.470742689045,1,4117.8957091251505,0,26.46315985791816,2
137.02611484503097,11.627400359844092,9.744229580166834,719.9269449385807,1105.0073905093243,2,1.0,0,19.681426311851606,0
55.470612759906,4288.556836400412,3.2474026121811943,228511.03115932457,3615.629596696035,1,1335.3480818079352,0,72.89974766053611,2
670.8164193658981,45.86087137335498,18.847225041373022,21908.331390305295,5619.6546831649075,48,2.0,4,244.70787855521797,1
378.2056433434374,23.065053391093713,2.006929373000591,4155.782349824884,5798.884856616167,2,0.0,0,38.689035535679,0
102.69106417182692,2207.3564809900618,3.0497329302772607,220972.30678954383,9697.015329821004,1,3521.3557180158887,1,10.72762088770098,2
489.5320104250735,35.030767912089274,0.5990631442753291,6020.605610697279,9468.519028726132,0,0.0,0,28.863595996212123,0
450.32891444392703,116.04510120474586,104.85357602343376,22550.949215816116,26278.39351348691,133,57.0,2,118.15269786977744,4
154.7989351675635,726.8117196366956,13.90165438758332,64427.258621919806,53103.703321436355,185,24.0,2,189.09062467769772,4
458.7369051851515,38.28520853270437,2.316973970188574,7424.786107352495,10311.16139374998,1,0.0,0,41.278814645170584,0
108.9029066203811,1895.6248076539223,4.765032784169611,201064.35856362805,10256.936419347585,2,2229.0851511526744,1,84.39776233421344,2
151.13079427892563,7.498626476411775,5.900416535825429,487.6510881262984,614.4112886061278,1,0.0,0,30.460169967844834,0
588.2199293213938,13.363127262856683,2.1909610139779794,2582.7640855067802,5604.699242928633,1,0.0,0,16.051136721593252,3
347.97787747329494,7.226110131461198,2.876218868742601,1003.5716898712489,1876.0872638978005,0,0.0,0,22.896482743745437,3
400.14986353346865,8.071236740934122,8.45225041167878,1251.3123608475728,2206.219828684137,2,0.0,1,30.488208813360373,0
67.18616197387591,3011.576311761677,2.8524721358018015,193495.06078229847,6801.023371679447,1,2114.0910660289173,1,86.57223414845616,2
352.6676604885717,591.8893229720622,92.03264629827046,94077.93012351858,120054.82556318544,103,43.0,2,63.50563744517545,4
64.89335718171486,2961.4321406607496,4.090976578185648,183862.80309182496,7821.58301031077,1,1033.5249465509714,0,87.92580598746235,2
638.5171610293587,10.551694578345042,0.7181761869365336,1504.8107902975048,4602.200341233627,1,0.0,0,39.72752424383537,3
405.30936509817695,776.7965625712415,83.78079426384508,148773.31551887118,184860.20851869095,331,12.0,2,149.79620103875232,4
796.142649549897,116.14555303882655,7.907156937358612,80292.59268788376,9808.196571269818,41,1.0,2,286.32167599671476,1
600.9703266883517,65.59227243897095,23.639522335942093,33925.343766024656,5151.377710056866,43,2.0,1,113.31029766593872,1
411.3805961700943,178.28786338912866,44.46606153664471,35465.728749856185,31676.760637678486,334,68.0,2,77.51005149858965,4
89.92960402613443,5.142553186131578,6.581883959816426,166.34363729786617,253.4677073882132,2,1.0,0,25.174357491623997,0
349.4461835040678,22.103352902174237,2.3729642024423345,3057.4154603673146,4162.517221047892,1,0.0,1,16.554945547422857,0
372.1105326834771,32.774846264505534,1.981818205139865,4825.894506058656,8001.844015206773,1,1.0,0,5.141340772165496,0
1024.5170697999292,74.30211370648686,4.046382548732207,57453.152814769725,22532.723184937964,37,1.0,4,299.85398159637094,1
140.44399767175162,5.772249582428761,7.751962018537154,374.0326305960378,461.487148966913,1,1.0,0,22.932713047881805,0
79.73790608785426,3400.057909922542,1.72327391600958,263424.0944232374,5689.568278121817,1,2759.2732558407884,1,74.33296229181498,2
80.80155037824254,3876.068618047739,4.203133653495572,303715.0116965892,4577.9647139093095,2,1079.594637229384,0,63.69772648543615,2
544.3638642758574,366.3962930630514,109.93764335505635,97387.5689255725,109554.39996368877,484,33.0,0,61.390573459136235,4
64.19068848899414,4182.826740379351,2.3431463340113448,255107.69365600575,12990.738385781246,1,2416.1629026984547,1,84.27714061084431,2
460.50672196431685,9.48359815153226,1.8229931935240067,1148.652125866614,2925.9357173715284,0,0.0,0,39.27680013687696,3
377.69608948914794,102.99264151814691,67.17563349717747,18638.284894687098,17866.31617202899,290,80.0,2,194.19106209673447,4
86.7003351026456,2126.297143422121,1.310382327904596,176203.03461550522,6999.260002167659,2,2024.4373040331313,1,72.49575947319221,2
302.35931738344874,45.608586497874654,3.7675980222980128,6158.695166195395,8711.70241120652,1,0.0,1,44.28587273133722,0
236.41419245714897,784.7740157222889,84.17206561239608,108783.96070052295,105196.29780401266,316,23.0,0,131.6250268415874,4
315.2617250327305,32.302177087228515,4.529241377372667,4555.028626818014,6994.87150990936,1,0.0,0,10.526485183058021,0
924.0291887729212,140.74503488942509,14.055002985565036,94135.67322423393,26332.847596785014,22,2.0,2,243.6862876764889,1
434.2493040824792,16.235060398663368,5.149537154609835,2426.9272342397207,4917.656310114986,0,1.0,0,6.987444696954508,0
321.00193941532797,32.59812581993206,6.558038345511387,3645.7252740069166,6726.409142723969,2,0.0,0,44.48615209945169,0
496.4911178624189,165.31082485007752,58.1221205047925,33208.72963053793,38523.01065789638,119,69.0,2,227.66692535575203,4
784.6650626758302,3.6299254934064393,0.5656176512131936,955.1616837902063,2017.396363051241,1,0.0,0,34.00702641799488,3
582.7841004030406,129.08905904919783,6.069147387774115,60270.55532445024,8456.593317479863,49,2.0,4,298.8080375877572,1
306.829941717646,3.0094228995927796,1.2359148489814344,213.11161027651588,623.6182486660665,0,0.0,0,38.3950726420963,3
104.88848321601276,4514.068836256063,1.2858055224376894,450414.90280926536,18835.865905412324,2,1982.8426281511363,1,12.012988104498634,2
177.11136955981993,349.7397329605923,29.522023543823074,28433.716439108375,32399.858997377127,156,52.0,2,157.92945852343797,4
239.67816162037994,612.0679306880071,73.64329525215462,65647.26032995724,66371.80405038,278,44.0,0,206.28892077688772,4
317.1694258241459,334.628190453138,46.95551730150645,53970.183272255475,46528.30755388433,367,90.0,0,197.74960580712454,4
375.83978187631976,521.2351094773285,119.85126734276429,86242.78643581679,98860.13108055931,471,97.0,0,132.76974891443342,4
270.4679401570978,307.9538704575309,35.74687418292824,47145.02088455483,44636.85864139526,119,61.0,2,155.62801145475072,4
319.32934220355185,112.14214879760256,119.33975067550382,18216.976913180926,17716.281305855522,64,23.0,2,87.84752050904964,4
1138.0641395681314,139.29414612757637,26.849130325960708,130797.42245747121,41478.81961427001,11,0.0,0,203.61003375809406,1
104.98368443387848,1648.0896654577587,3.958097737068898,167371.9219718946,3388.437722104485,2,1739.3590861107132,0,78.11952468877318,2
291.7856473967825,30.322026456005265,4.691625279725602,3726.1475362125557,6049.473032265742,2,1.0,0,43.95097155310485,0
246.99250100311747,64.04569280863026,13.344159502995385,11829.348995312821,3571.484236291161,13,0.0,4,119.7446590884867,1
172.08003019418481,754.4275139623019,118.80122159932515,63181.171478192635,67373.03471322182,268,65.0,0,158.58280206887005,4
359.1590839938298,66.04004557873435,13.745481582514953,18456.580396452307,5530.440831187173,11,1.0,1,199.7077204318822,1
216.6546129966943,7.6029204453528365,9.706474986337708,785.3181343229908,1129.2440503739024,1,0.0,0,16.71050155781873,0
259.43864210309073,223.43159763762802,54.925186663301176,24480.960204483057,28299.790538176432,305,61.0,1,240.1822976295664,4
325.31170728506265,332.044591278418,115.34221218275673,60977.9658987692,57499.74956878828,219,96.0,2,143.66138536782927,4
48.14036228008126,1196.6105148988415,1.0212566766194482,55480.94213802588,2097.7229551747923,2,2146.9906703609727,1,71.589578540974,2
62.03663281105362,4228.84398570167,2.4679730683277894,252552.601957459,11542.972434542738,1,2653.536747585733,0,84.92488308873696,2
144.43164636626676,21.300594874352978,3.677857243048355,939.0627257861797,1553.1250886307625,1,1.0,0,36.39517823840338,0
834.5564677415248,100.75422188523082,5.380905805107043,75289.20795991166,11552.137873869113,43,1.0,4,228.85579138155143,1
669.1958184680287,12.064802256162665,1.8603830977151854,1651.376464700094,6347.590881306618,1,0.0,0,31.975984879030758,3
357.39798349908205,2.6240299341916806,1.7445319146632399,233.12146158823592,700.4381792560447,1,0.0,0,16.928210776622013,3
372.08603245262645,134.2400024730789,17.633864821795182,43654.65631233827,8706.545691671245,41,0.0,5,246.1293958379431,1
95.11999879908547,3268.049301680689,3.734369700887476,295349.34348557185,14683.610887787228,1,2009.0079428627816,0,79.39345332203693,2
86.97433025085573,2905.957589415305,2.302829340347996,247402.21468510551,3282.2476084229475,2,3779.47259010802,0,96.61151200944501,2
393.57251573111307,8.554298664394558,2.5624962448672544,832.0165134403821,2649.7309870453737,1,0.0,0,39.594612037890684,3
324.0654299373839,327.222242412152,22.019272249038714,51260.17911463061,58625.786830671896,274,71.0,0,201.72309681017205,4
518.3040946923473,83.5746507899906,26.06757911370223,35453.31221704506,10349.783497914159,37,2.0,3,108.2316896815282,1
371.4167828333437,16.19258694936296,3.637399025681436,2326.835495819555,3312.238267718958,1,1.0,1,7.5336474056826805,0
475.95252787933043,3.2260644690157187,1.341571347059411,609.0399835513796,1022.2536966011394,0,0.0,0,10.661176110029027,3
525.4721610881136,8.789626821756299,1.59735329527506,1562.5726420799335,2815.492963017934,0,0.0,0,35.46208983261903,3
373.0456626481963,770.4692279273505,92.24090738564503,163836.34911503532,135317.17721310616,389,16.0,0,214.53125673768508,4
46.37908459435691,4348.0885225933225,1.3156073179648042,192314.24529732045,5464.256114906086,2,1579.1842315694566,1,52.3255542636913,2
343.30822002731486,34.99702155709787,2.045647566181376,4962.303019928566,7861.565816448622,1,1.0,0,42.59335238789566,0
788.0004634296284,65.90337556199063,24.393934204481933,42113.51250398608,13771.634287476176,10,1.0,0,177.9850357151319,1
46.42694932555901,4160.66554757385,2.6910351083529527,189693.98258723828,3892.683340837683,2,614.5247753426113,1,97.64899903392758,2
453.7766779596599,613.802978180579,41.40034923158659,127993.87465111712,137531.8940887888,119,63.0,0,113.41775745482512,4
48.15746951703388,1292.2345841311258,2.849020971376402,59869.95350857285,2147.7089851477276,1,4280.202213578414,1,87.86717299957557,2
410.20718735676684,149.0767474909893,32.76484671434922,28562.726666000563,28969.076841375725,481,27.0,2,128.68271527008483,4
723.8056871078246,4.738845165258317,1.9104421622714822,735.8607294680236,2631.9859184533566,1,0.0,0,37.46775956544609,3
304.9854857783114,6.400028766143796,1.25603957105205,522.7908515911821,1341.461553129949,0,0.0,0,15.093308192743663,3
322.52181159098257,31.103879352701505,1.3691249552786713,4769.98508731015,5548.72265952559,0,0.0,0,48.0043174203389,0
542.3951232958597,91.04192693329894,4.557890796259564,42039.234854645394,10690.279750649313,20,0.0,5,168.25255328819546,1
485.7929204562675,5.859076445639806,0.541980068109856,647.8650147348214,1783.0824815657068,0,0.0,0,23.2264329285574,3
336.5030120835822,49.72719767999844,26.709862941907822,11780.687031381707,4192.464781779606,36,2.0,3,81.56123714887518,1
665.0976330807775,5.882398176627641,1.6744161812850957,1121.5632487496414,2563.8711525504314,0,0.0,0,28.828910647053636,3
240.0725705813058,7.920151119904171,2.9121964323762746,664.3058858411232,1215.497645514868,2,0.0,0,17.81782224698604,0
669.7755743674965,9.86503979739443,1.237170779461686,1477.8345525023965,4996.188007192141,1,0.0,0,19.711486414683016,3
80.0827090465763,32.43039502909536,5.2754507206741845,805.8734027900363,1443.2922651894273,0,0.0,0,35.63174531996451,0
718.4694224049781,5.769182217610912,0.6413833851515184,1165.9001380950263,3092.620142601886,0,0.0,0,15.676270159173294,3
980.2126485356335,93.30607973720231,9.312548110304087,76733.91427805013,19524.672357450778,35,0.0,1,192.8985181020479,1
233.54587141215782,92.85186399659256,21.455172221187524,18630.972671113206,3644.046307717807,8,1.0,2,83.48777998218473,1
1027.9249545453124,120.26159962431315,3.086762538730459,91333.56534097344,25629.06318743643,12,0.0,5,151.6544865470945,1
517.7139806339409,533.5950877541826,92.35959988263289,139379.323490443,144663.8340583715,179,11.0,1,193.67204378287633,4
81.42762497495241,4562.982367398885,3.3524207929679917,366611.43156465294,11838.0065198148,1,1759.1424948678318,0,59.03079886271845,2
487.9414268324982,8.918209491130352,2.8316854139323326,1463.2182492576628,3172.815823903074,0,0.0,0,22.791696843082754,3
121.4277524604848,43.938309150901055,1.994095477707296,1931.1631377824717,2977.162796536377,1,0.0,0,40.85066287361175,0
487.32671650890194,56.36697580997923,11.295952238657424,22869.681102292598,7530.024943023607,41,0.0,2,186.56606083218685,1
106.78895344531165,2175.5603327972667,1.2276059219904862,221197.332110251,6295.312080631198,2,2265.1512111997736,0,48.44419126309394,2
373.6190482639567,47.182029717394435,6.2312721542919585,6957.463604283746,9024.590227105284,1,1.0,1,49.55940021144296,0
112.72045056621968,595.7371565807755,46.33604583032098,29281.305695247578,33715.497225589585,104,89.0,0,246.30073786064392,4
637.6463026576021,64.16004040234633,22.132544408560953,30986.195848038584,6135.792245203297,18,2.0,2,267.96789293164966,1
848.7351388757342,114.54490115881643,19.745114441329417,70784.77355475996,18334.415566761865,31,2.0,3,268.52902857126537,1
554.7495214703581,173.4932625875946,118.98056800133544,44225.286246357246,40116.99994722154,81,16.0,2,231.08129297168549,4
406.5537979777949,714.7514171919421,115.10180895446807,150151.74118259505,118709.2189556811,494,33.0,1,68.97863348717038,4
96.63045561892282,3991.694605245669,1.787733949763481,378426.0202102799,16695.391597506677,2,3918.4698526073416,1,44.654561128325504,2
401.8418353637581,53.5535107908609,5.179137985136027,19013.141396042953,5499.710091163647,38,0.0,5,199.0794244071692,1
111.09971238013135,2080.008179122322,3.671746978192261,226987.46610477284,3828.188065678887,2,1309.870168383,0,38.09075188052841,2
271.0383979855354,751.5175774536889,73.636297165039,88766.59891092118,108513.67663142327,223,76.0,0,199.14822731028053,4
116.59723979986195,25.73504456147266,2.460170324855029,1118.7987393013645,1802.4318938135245,0,0.0,0,9.153076380293573,0
392.8020319777166,12.298890514171072,1.3066036831045122,1056.4802521133092,3366.592450311232,1,0.0,0,18.33146917721718,3
505.9491488049683,2.953992216476111,1.2751547704950685,310.85025870474726,1146.4000152654698,1,0.0,0,17.183202802011827,3
89.28738569199948,2500.9856343762012,4.936773566874254,212412.14350246298,11152.801920609021,1,3876.8383431049283,1,15.356119830757693,2
298.6852277599206,95.3746948716835,19.58018712805884,22021.759219421732,5899.166518051408,35,0.0,0,173.7900246779543,1
717.2114229221723,3.952793641070035,2.010300569259478,652.3540528251576,2224.3808340011633,1,0.0,0,39.965344815538934,3
49.02865319549577,3134.0857239239353,1.4050607239496387,151340.1909645854,4656.738414055742,2,958.131473305393,0,21.257040413469287,2
101.55166214726418,1626.8371830516767,3.966069009307961,160908.83409403643,2032.5335547522318,1,3970.821839066752,0,39.73428408966738,2
423.1625845684176,7.841313181732609,7.879509592368658,1540.7153813776251,1965.3556691592455,2,1.0,1,8.977322614303342,0
923.3946888549284,55.62540666155586,25.687027170758935,40346.641681069785,7933.1043187608375,25,2.0,0,129.40812418385823,1
92.75001499355943,2266.9887330297397,3.9990115147881524,200896.02862151657,9654.3070791446,2,650.2242789607582,1,95.51626397362375,2
625.1616615587027,4.736276871804564,2.1196824062089172,775.6354063907116,2293.5468670604937,1,0.0,0,30.372072969309055,3
340.05399975899377,47.813150399299566,6.215312291390147,7541.562932423481,11004.79847336123,0,1.0,0,34.097266104028705,0
109.56317531186518,789.8635498320058,50.382734407458884,48091.590935205895,40252.27022237898,223,89.0,0,154.37038889905693,4
450.3685496671511,492.3416276346714,16.722493374117878,117763.09647034449,109400.68897529916,261,70.0,1,237.41092671315508,4
81.66992293079086,4345.536942524903,4.320770252278285,350727.9331296394,13461.665113934348,2,3814.121038326034,0,53.147421876439175,2
43.60927028811676,4733.764028683434,3.8219581943145386,202273.12430415337,8626.386962803206,1,3519.7608006333157,1,76.02596463591522,2
769.6120680856034,4.427086803403245,0.6753621148125775,1003.3755292163149,2379.2827005564873,0,0.0,0,32.305274564315695,3
326.0189188472802,5.132475609656646,2.0838055706046386,363.18907703001605,1085.8616333194007,1,0.0,0,37.51136770463428,3
539.8834689547826,408.219083026334,78.77291539172231,109772.67380810468,126617.40905537042,87,88.0,2,166.34968358963874,4
78.42032008689237,1709.7266089983927,2.909952201849711,130026.01604594888,3968.3223013382535,2,2168.220944930822,1,42.961706302025355,2
372.9373940067464,26.31082497957898,1.0502443753085837,3090.2718157998734,6578.973303878817,1,1.0,0,48.59950348785612,0
316.3357669588471,644.5310461409259,70.93692600447399,107956.45384177064,94882.24431046261,93,24.0,1,134.2459467370992,4
210.3501998277836,530.2496482149464,105.7394714417927,60144.77025935499,50075.24286356333,197,38.0,0,105.28210821873495,4
245.99119737286765,14.99485147118286,1.6387209896699866,1355.646003707227,2539.90435748784,1,1.0,1,30.114590090780354,0
106.8451838856988,4135.67833947016,4.296719998501434,432573.3107903972,19136.52613316569,2,2762.229932905548,0,72.26621919513713,2
447.8124429069069,24.724297281111518,4.851723423986717,9363.448390967871,1549.3273930050693,19,1.0,2,147.25446987830748,1
53.88485440582551,4651.355432775901,1.370221783444113,245341.01992054167,3914.932552774868,1,4286.255371914975,0,24.288212360087503,2
622.958263202757,14.817635271354469,0.2422553605046022,3482.8255150322448,6576.5209042448805,0,0.0,0,19.548921575000072,3
267.41392577767533,495.94341600625324,96.06214025459053,53660.33239505357,78761.66077232081,145,84.0,1,146.41897344646958,4
451.0677630597785,43.29178019453807,9.388532445099,8925.410002937875,12376.500393511265,1,0.0,1,9.566219428971444,0
252.3481700431447,137.07648392679707,51.09795495413388,18827.643248294877,16098.363684881364,115,71.0,2,53.5240005459428,4
140.24830660871828,43.50817665076038,2.6582057917233914,2852.100730246446,3391.799688853702,2,0.0,1,43.98739314131039,0
715.9458785254234,52.954187923434745,28.335044430882533,33407.92262090084,8089.021573387997,36,1.0,0,199.0169718161784,1
122.91684217435579,242.2988597408777,71.6500881405988,13834.784178011021,16816.748766120847,362,98.0,2,213.6219569488335,4
858.3074395060619,76.90318724136037,9.749115694636641,53573.198339023395,11181.545098142626,43,2.0,0,152.13447868401687,1
291.6758171326112,432.44984711986933,76.03194870013094,64858.13681051735,51437.70244495276,369,11.0,0,119.73625779699333,4
237.9651788873768,7.4642737469914096,3.6843737956360587,818.0828095658914,889.7641330826965,0,0.0,0,23.652706289163245,0
480.20590317563904,14.854889226141216,2.3705775213051123,1528.5478435536922,5524.69868828112,0,0.0,0,28.122163017971907,3
270.8080312336674,120.20538762062154,53.459737459229615,19078.944822006753,17098.57759121938,293,80.0,1,66.87814931403821,4
578.9743707172402,4.404289383752516,0.21290775113917643,528.3487365214086,1954.0779715624747,1,0.0,0,10.72115667717575,3
1095.0851727663146,146.36695170105347,26.06109862997333,115725.8172262059,46399.99049623577,22,2.0,0,177.3266229646026,1
481.08397479238766,8.103110736038953,1.042019850936916,1389.4916771759817,2153.1785954744623,2,0.0,1,40.42069711707218,0
246.58394885294388,22.241233771227385,5.429718200186956,1696.8147590616895,2924.556240482504,2,0.0,0,9.065163225992354,0
367.2237021167799,22.48511455716556,4.762589414914041,2869.403664362586,4744.92651613342,1,1.0,0,32.155186702162005,0
530.9833780785541,531.3413009901076,112.09935329728584,141070.21633873816,163018.711742336,300,89.0,1,233.28258362008555,4
46.33491272869007,2951.2913495275243,2.258326186184909,131015.81310990377,6578.347927469297,1,2051.057314118999,1,27.87855874130252,2
69.70918307251347,34.85918174075198,2.1913416852626386,1196.0826755862233,1287.2527776426552,1,1.0,1,29.07813735201464,0
791.020043795491,2.8194374824969004,2.718703146939339,809.1584696254755,1478.3052078816017,0,0.0,0,38.05810487745801,3
518.3687849724595,608.6900589291658,48.80195137688013,178035.78470999422,160272.94160429458,342,69.0,0,141.5428102996465,4
45.0177737131567,4261.951062320544,2.9790169617428144,183296.92313938186,8715.991966808924,2,3468.80403648453,0,13.028475105912396,2
466.38185766783965,5.5967092483280645,2.002251261431337,584.6024377923526,2025.1383261754006,1,0.0,0,30.01258154006636,3
267.74749421041656,18.3651294404697,8.601807306073063,2178.871457379552,3037.963640154871,0,0.0,1,7.029530474914543,0
529.7797663267327,759.852302535765,69.77068759683833,173151.37620391548,231761.09482958345,365,82.0,2,206.79215741220358,4
787.3698685755769,31.1023229578136,14.594511739724002,20846.80787426097,6338.420523303368,35,1.0,2,99.90918844109069,1
991.9356229637641,72.29991537970835,13.898698533748052,55693.63865841301,17485.655511806377,11,0.0,4,135.19586963750305,1
685.0179875240412,31.102393921153816,29.22891892078126,17121.30439983925,4747.703415136768,43,0.0,2,252.26005089638443,1
790.8158748955077,85.75046840299741,2.5036676840268544,60119.7545474041,7843.599050847172,39,0.0,5,125.14117143905753,1
371.29843933179666,4.435148205247877,2.6854636502215805,331.7910706149427,1257.080062667723,0,0.0,0,30.62804286762201,3
362.00149731207125,13.984097759216825,0.6015013924543915,1592.4735464380806,3628.9868630071614,0,0.0,0,27.20999792647029,3
530.331872355352,5.272872025090825,1.1870715911107332,1006.6643393804543,2144.401018111627,1,0.0,0,11.341308236646896,3
475.9134485434057,5.023730280530055,1.8889687714563668,721.5628342584228,1908.6709320595958,0,0.0,0,35.85832274742974,3
306.2138275884562,120.86404308106009,24.62280518705253,31590.199619680505,4544.6051202698445,33,0.0,0,222.20962255017957,1
57.14043474745475,2363.5320619694285,4.13982246114603,129337.97783351272,4798.9376054489085,1,546.5795980123848,0,79.76448356760433,2
110.72699694414236,25.13355650705546,5.55986403132272,969.8462697814074,1541.3404198529122,0,1.0,1,30.378429140847636,0
86.27858877846872,2463.0860758520876,4.798408588134526,204683.32174379524,2931.5609489669077,2,4051.2724598599943,0,86.61320638296466,2
307.19158467813827,540.3792004363013,96.04519005193357,89143.4691752146,88694.88266058044,378,44.0,2,98.8730982585434,4
45.64039644546058,3320.15395160369,3.87877828584335,144527.70693934098,5356.803633094887,1,532.4327875448529,0,58.565426554165334,2
436.8572319155076,319.32719641057736,87.16717548229963,66623.45069449073,55805.054946011085,90,53.0,0,168.21241560979786,4
755.9120170743204,72.51691682940086,14.883281129693113,38537.84523061453,8592.4228651993,20,1.0,4,108.82321610310242,1
701.0312796554015,12.256361655036036,2.3039917591598087,2318.1379597860296,5935.165603673813,1,0.0,0,14.627928131954501,3
326.5355008068817,6.031976507061891,3.560026040177262,841.6296720147302,1043.5228340491817,0,1.0,1,49.18861357007654,0
374.83673229180056,4.942300916581969,1.4588814326879032,527.9295042901387,1218.569531000393,0,0.0,0,37.79799642314705,3
68.50024343190411,3455.5833688316534,2.246604402438607,234252.16909399445,6581.542108207394,1,1515.5360438442726,0,75.97217933772923,2
300.5206851736442,27.197458105270982,1.2745016507480535,3111.222803998616,4447.246176706127,1,0.0,0,16.595729983004617,0
421.211986786653,451.2975995316559,49.55340413741743,81333.09450996073,81162.96099758767,300,49.0,2,134.37167847349937,4
640.8378241795367,4.685658458243699,0.42040307819145406,1098.6995886311884,2219.3330983022174,0,0.0,0,36.534139407265826,3
385.949483830185,775.2798895127892,106.31123197845669,172106.7417031728,130224.06529806834,364,47.0,0,205.69366798303702,4
293.9082713054656,488.82550413607095,25.525598162331796,68595.43388975917,70311.3269529945,425,70.0,1,178.91577917617377,4
382.6379407315982,49.158369072376104,2.937035593220354,8103.943289423511,10150.166189059446,0,0.0,0,48.74023983341917,0
465.5655544822117,645.9410453737869,115.94734702817124,150274.1811842717,157330.9447604018,237,62.0,2,183.13950961478406,4
293.96753783943467,452.38287619112316,46.17466957837449,70823.96046060722,79659.37278148398,134,92.0,2,50.78521139785308,4
139.97012311738547,44.39325313048254,4.696591670558218,3087.2720429311134,3598.6289712945154,2,1.0,0,23.837327371324847,0
41.639363750237955,1067.22911928457,3.080850755027317,43454.040729297754,2119.092464179572,2,1942.131671406591,0,14.687911623443583,2
902.1567651969038,68.32450800013987,2.4959878170628924,51816.55695539876,6431.457956958858,39,0.0,5,164.11993283355815,1
456.197150976494,180.82884262452154,72.72633866903809,42374.6734562699,44256.999909336,436,79.0,2,106.15039014926823,4
111.84498262339153,29.65817700381618,4.816584678319629,1555.301952255128,1723.629450378649,1,1.0,1,43.909717646318796,0
409.92556455245705,13.335280094633434,9.218648647128084,2104.0751417769243,2828.395324859383,1,0.0,1,6.953563978466862,0
156.04503742843536,43.85303450856508,4.312407230087265,2453.2535092148955,3630.0039566537644,2,0.0,1,19.46730655615469,0
314.380753851752,709.8777340741359,94.64125938924876,125977.95272818202,132666.4796293804,323,79.0,1,128.11242048540635,4
407.2168274175476,436.1214093017127,75.8863299956263,77445.33491066998,88073.88528440527,319,32.0,1,191.79136075256955,4
59.67940800570034,2988.5618550088057,4.237371314954809,172794.74525106908,8553.77305395686,2,3482.012341411091,0,45.9965912125544,2
97.21771808465607,1146.7360215781691,2.7172801714167063,109273.33782654714,3715.0627361509187,1,2531.5768381251105,1,39.93828718007314,2
742.5379312714741,9.53317487901821,0.8158618253649288,1853.5670054528455,5501.242371529027,1,0.0,0,36.65777483869876,3
378.762188097133,124.63650149812446,74.89753651695598,23009.72492526871,19109.98997478143,251,68.0,0,162.36277606766174,4
239.96481082822172,259.467203473292,98.58934371779533,32852.8500255224,31946.797443158204,422,30.0,1,77.95539318762859,4
81.77011947457416,2606.16695202113,2.2019550345305556,209298.48262904957,4449.687392982726,2,4076.365477031382,1,32.48684164704966,2
315.767314065612,10.61245935139562,1.1765601784965487,1103.1784119608005,2249.4030798907484,0,0.0,0,39.38187190798719,3
91.66322862360583,1470.3984663948072,4.793237521721466,129254.42178326767,6737.109102004201,2,3293.2532957622407,0,10.196568505500151,2
386.14587123000223,6.459955072123414,6.75781756790671,1013.9043116764224,1298.7610924238231,1,0.0,0,38.66723718744585,0
96.05636609498946,2030.624707228779,4.6907033140969645,186310.12217778168,4434.095903249625,1,3722.547701099673,0,90.21363840238585,2
602.2237348471124,80.94268446588282,21.757791098331484,43112.484852997244,6258.879811719234,28,2.0,1,169.71116756935578,1
376.40290465914165,10.149097076295934,0.3134929584476769,908.9636230256925,2550.220250067079,0,0.0,0,13.31243184023334,3
461.91434091147255,230.7378913890062,91.24048618071204,52850.4391971448,52304.51929262702,444,78.0,0,56.582159390987854,4
215.27571964426747,22.58398185483367,2.0074493000520066,1709.627517389947,3019.567584735992,0,1.0,1,45.01075657730045,0
878.6600938268971,74.71654873869937,28.919692179704054,53823.88251867744,17167.302896256293,28,2.0,5,232.54401813526817,1
183.21009276122626,726.0349261309707,35.43907296140242,58252.039425648436,59275.59864151669,53,29.0,0,125.40727163685055,4
236.94366248579303,15.666253569875128,2.7294033634847352,1769.6753544025912,2184.1703679778307,1,0.0,1,35.12256806567126,0
521.5330088383407,24.50459227582222,5.5622968342363,11283.918451437712,2539.488401638012,39,1.0,1,196.17497780505738,1
93.84800162944003,21.70008222935575,9.247282780401894,848.9999398723512,1237.518283639072,0,1.0,1,46.186573321302035,0
948.9990174049569,55.40100163354076,5.290051525946453,39452.633583966795,14939.395054126127,21,0.0,4,211.20659193234152,1
69.3205395306674,31.929921554235214,5.872329299568252,981.0578821237555,1371.8779406912902,2,1.0,1,20.413591573034452,0
483.9711808998975,6.40860411863823,7.447065636250013,1494.6664635120644,2082.6239836051654,1,0.0,0,24.903444307140962,0
447.83694632634973,15.650833715693544,9.12309021031119,2932.418662126609,3995.4482390240696,2,0.0,0,22.00944155550145,0
907.7532076053982,66.79901444127752,4.148255184768638,47615.79834793152,11428.082732426774,13,0.0,0,169.91390369960547,1
222.96860712642456,582.1112503244267,108.10626836276431,68331.16566119586,60933.57257715067,136,86.0,2,228.3736408762652,4
494.8497151577574,173.33078167694862,101.99408625172389,41311.438741636484,38817.68265856392,440,70.0,0,173.9174200445376,4
236.309783871147,47.880355819902235,9.68700047354733,4283.239579628099,7590.333512139555,1,1.0,1,16.13031421185875,0
99.5531771228454,4337.511454625631,2.406539893351395,411308.4171290485,15071.29099106123,2,1560.7235005212915,1,76.55592098413582,2
92.74802424794001,4638.907351736788,4.9295622180702665,412145.1255296002,6610.690894500449,2,879.0738841383759,0,36.52433621708219,2
456.4938570902274,9.638233225816421,2.07001506590141,1003.8827246806219,3030.366549178639,1,0.0,0,25.483737526074602,3
100.00739302829112,4371.801560707239,2.8803838338060643,422168.4383946041,11240.007571141628,1,3037.0106138061496,1,62.15447645112351,2
344.2400211181035,118.66698814102398,16.017346905350067,36044.21951817191,5282.8314272388425,21,2.0,5,276.9168430156059,1
306.8388255523221,6.6167317991052785,0.914980986183587,512.568454308848,1308.5212463767102,0,0.0,0,33.545611370673655,3
271.5579753588074,34.86520244131917,9.399882523585202,4227.564492377132,5140.969717301954,2,1.0,0,31.77850688151147,0
263.87610092130694,37.62527343346034,5.955731963357005,4303.394723071968,6507.178074382176,2,1.0,0,7.023264871619801,0
947.7005140130896,50.43334644618328,3.6779043489902805,38404.80246012563,5969.055057413237,5,0.0,1,99.58214167712194,1
221.0199963880233,602.3846173789326,25.747194283047914,62016.50348433858,65025.84519755905,141,22.0,1,81.43256459835,4
725.2922349111236,2.115489449774763,0.20623175556389584,489.98618136553904,1039.9759368900066,0,0.0,0,21.878232874419222,3
501.43318619877306,370.59051161204485,32.51188826109597,76745.93338102923,77284.88518841425,84,81.0,0,115.3565691938437,4
470.66961874234977,43.97287502751838,0.9295773660087994,6318.150750093667,11906.65775839624,0,1.0,1,49.337872279947696,0
428.98415773416434,32.87867900163365,5.852255831770082,5993.295051587191,9490.684271689712,1,0.0,0,8.119774867449415,0
322.478318701536,20.97160973946545,0.9938988437882211,2071.8027499583477,3954.03848060166,1,0.0,1,32.73415215048034,0
47.84043318967534,3815.7683296878486,2.351782284181163,175684.05963142012,8634.835768854231,1,3806.9105935851285,1,34.76149816384829,2
1010.6835703375918,143.28804186255945,4.557120561339598,106049.34309800055,42308.72570777525,24,0.0,0,85.28907222061632,1
463.26309680496144,738.8217652172307,90.35852231058983,193634.83803505677,187970.9507549973,356,33.0,2,122.13393286186054,4
90.84970917856039,1593.39145167589,4.064487005380521,137916.9502172665,6232.7428616036195,1,1061.1400511518673,0,93.13204069196833,2
348.8191059188459,516.4511661805777,102.46606847545597,73125.07187235617,85135.89250495084,199,45.0,1,219.73758537658657,4
387.7557262327481,5.213271679728729,2.9238698209420857,564.8620343676627,1455.0543797802702,1,0.0,0,26.12404193515916,3
276.3082998630687,269.9256099297586,19.37747159602803,37807.644430886685,43083.76167769895,438,95.0,2,109.68698764351512,4
428.8829434311116,7.964937414836181,0.7271817170455332,1020.6556608245337,2566.129912228698,1,0.0,0,22.44492015666862,3
410.5377283441587,27.618669189733644,5.980586903950411,4518.4346493465,6112.00560088074,0,1.0,0,30.74018896441324,0
105.42365447835351,3271.3638422068852,1.167882013624268,330073.565001162,15381.52611621782,1,3640.8114716513,0,16.51800815746163,2
687.9001952793019,46.55334083173153,19.55047364181563,24714.514354652725,9579.3238567724,30,0.0,0,204.48739323034783,1
517.1192148203199,433.36296946201367,118.65506653508346,109343.79965280945,118754.38671628904,302,30.0,0,103.4369034341371,4
943.2944752240767,76.95451463432838,24.898076056503744,58788.742549704126,20757.93598759761,45,1.0,0,279.5106470147639,1
392.8595283793019,46.32918944654339,9.533821647774209,7561.08493896517,10400.414453914753,1,0.0,1,22.384542788440967,0
182.72360865805055,45.38436844184979,5.502495433263291,3815.9295063791938,5770.013445339661,1,0.0,0,23.35930229141801,0
533.7042075756299,61.14094192799482,23.671862444232254,23181.66136433994,3346.7949016004786,24,0.0,1,108.7938504817867,1
68.79312289722907,3671.224879946468,1.1623839412094936,243874.738313325,10514.872627153605,2,4414.02386773076,1,28.381475851287796,2
415.46290727573,35.66263691700083,25.84304081314192,10835.642812792787,4370.1573792119925,15,1.0,3,295.91271348284556,1
356.1363791644548,11.447627347981156,2.8385634836700455,1313.37744059627,3029.842087898799,0,0.0,0,37.73710659060201,3
57.94187345935242,2554.5291615953556,2.6639584319009666,145034.21154071795,2035.6208500741793,2,4051.270561343276,0,54.47418431966239,2
476.74778074027927,601.0513874424059,26.884670200827564,117996.02039471145,147786.27649523728,475,51.0,2,239.23925678971307,4
530.8285777485241,415.8874567598868,10.442780673936783,106039.81413620681,96553.79443124245,281,57.0,1,147.50551408099997,4
309.6158517283801,3.458617767953357,2.9726391169945305,274.2201994909739,851.4364294190974,0,0.0,0,11.941009915119654,3
387.61214618305763,12.071381093921442,2.8456943996166997,1029.7952095683793,2953.010219059062,1,0.0,0,31.231078886490515,3
335.51687356075405,87.39195146229847,5.153058421778179,26002.20965340848,4008.712499064745,35,2.0,2,164.2961830830077,1
691.9280240391292,94.46042626582417,8.673441897583915,56130.422932303816,12895.266430030024,24,0.0,3,295.2327776889945,1
823.9595094320143,101.39275325831608,26.953622327250663,66929.32899342575,9643.334885245127,36,2.0,0,132.63694980532205,1
236.8926530920738,32.993901510254304,8.69245523309408,3829.096941333361,4137.912076108602,0,1.0,0,16.620997473453127,0
1016.0790423433513,22.462902438666095,22.605702699455684,16928.164970052287,2889.200612942295,7,2.0,5,92.56577594149752,1
295.7773665675319,44.5938204812522,5.960405765511944,4035.2166757384975,8376.65866412439,1,0.0,0,10.917010395409173,0
322.8464443129691,735.4841001540061,43.579319181349334,104285.29840476725,138956.84924245533,194,58.0,0,225.88263499108757,4
184.69103819700933,48.71897109054728,3.647796567478982,3566.864181607416,4851.874446455812,2,1.0,0,26.342978919406722,0
511.55671549789315,3.783824010930857,0.5654947043140046,416.90238733171225,1240.7819084399666,1,0.0,0,10.877863275019966,3
102.76044818369738,1741.4159028873983,3.5373174290295175,175858.70175613105,6376.68682343391,2,1004.5431451830607,1,28.9415572914891,2
351.909685164273,419.03039200301913,18.33136098261046,59360.040420608224,76939.23654267615,435,23.0,0,50.7212872212923,4
606.5905373594723,38.626589631343336,22.01212733805701,17776.05149486774,4805.461280507708,20,0.0,3,213.20587511570798,1
308.70747564066687,16.080987243677004,4.523705201923015,2277.204182881118,2513.712208210231,1,0.0,1,20.638345789118958,0
617.285254267118,10.741281816742484,2.0716447129469557,1677.9657081677656,4416.32725004507,0,0.0,0,27.660751610902135,3
565.4038269264918,183.63699986115518,13.330481146423878,47773.07827643176,58088.71530124597,455,42.0,2,101.25072283886709,4
109.63167265805615,2436.6472971216754,3.4010121317340203,255038.48650022977,3272.655062732787,2,1377.1811300193226,1,45.342920202304725,2
313.16745272017295,799.547050909023,57.94110576422311,107637.53397209532,120281.83676112926,143,45.0,2,241.096178956166,4
748.2549178069322,12.86809099639055,0.23600489874098665,3750.8196550536713,6025.089867783536,0,0.0,0,32.40311333858287,3
64.42607192266131,4586.28609987711,3.565572994893266,289804.80303116614,4627.7762795177805,2,2569.8440375371647,0,29.17516156597055,2
430.3950715145644,109.07618899008258,29.493119920986878,39351.00898970706,12987.035867790642,14,2.0,3,234.5114954723355,1
803.7442885632564,33.684471122455285,18.035118843987306,21662.10638783765,7340.16175478097,21,2.0,4,178.91175932170222,1
497.30247583062027,4.3379778088620355,0.9267885482106827,627.7928558167725,1419.77550415577,0,0.0,0,35.34820126056324,3
273.05201444255175,673.9858656577059,52.24521210332768,96060.57845971637,92096.10355814786,118,24.0,2,247.70493346518433,4
418.5386437781073,6.207616153465404,1.4958000978190507,829.6666802250651,1708.1926231399125,1,0.0,0,13.017569697898717,3
81.48920253082673,4072.2959432424796,1.6571919358098892,325254.45278063306,13417.211470600832,2,2788.587511145601,1,97.65418653893754,2
342.1408535979177,103.17077620415492,3.5311693810942355,27585.288522496034,4782.36690098737,36,1.0,4,284.2338698412368,1
279.32279920076235,624.9135182185718,114.10200322368593,83010.86950510571,100264.87483241373,129,63.0,2,61.3430276564451,4
392.63408784886735,6.619111436229611,1.078916035325305,779.2849483567929,1910.0173626853064,1,0.0,0,23.484458955562843,3
604.344380264659,3.984488740007891,2.508691642831909,652.7853774702172,1580.3985574728042,1,0.0,0,38.633812826159,3
355.0551739951679,12.754394204073343,2.3267456786823724,1395.568913350159,2417.2617745948105,1,0.0,1,8.991614019067502,0
357.1615570595626,11.623962279827763,2.333088359234398,1634.923629470149,3133.1691112417366,0,0.0,0,35.56969524326546,3
706.1398526946443,125.90125728336923,28.212565163427904,71363.47441954172,25787.094442264377,18,0.0,3,208.56710274968063,1
118.87956979920035,303.46638311956406,55.50548901129042,18400.64158401919,16566.53530891187,414,34.0,1,58.37255914417998,4
573.0272962182821,12.942174947898318,0.5932936139456927,1952.0250602730791,5767.754836597508,1,0.0,0,35.643350388867376,3
181.27006177558826,26.393297353253317,6.526227527256441,2391.6465935474525,2492.4442728297754,1,1.0,0,27.518051556959055,0
490.017445610486,9.64046130836341,5.703954596641535,2342.1161893727067,2886.828547494703,1,1.0,1,24.02278866022695,0
319.5578871413197,576.1393864387328,21.932938332305724,109040.1561703574,101266.13768430833,218,44.0,1,217.11493791541898,4
179.94893528440818,21.21552928423707,2.9695236971154957,1491.3821673204363,1933.5305513590786,0,0.0,0,41.62077588681269,0
341.1061408781047,596.6696445036185,77.36431989132693,120126.44023690408,114699.15899217018,495,65.0,1,128.58746100556135,4
493.53838430079065,13.775337180550249,0.9513983514304181,2383.88480815238,4377.066378774439,1,0.0,0,20.057435071009934,3
49.28139096984025,3691.6712971479055,2.729789438420855,178777.96543974057,3247.733646922496,2,3514.015604429232,1,86.14030810576571,2
265.9960328269394,7.043147666091165,3.255277339664606,910.8748040254111,1083.5371378063867,0,1.0,0,5.000523563991476,0
392.7273899681978,41.220804957864736,0.6710622782043177,7973.860373697271,10447.017931659064,2,1.0,0,28.970414904269973,0
92.1987782724926,4095.2029942761355,2.433450142631314,361460.90354368126,13483.47893513391,2,2707.314934136674,0,21.03652449802059,2
415.38347445128284,40.551369633817764,3.3944518214313875,5325.917493223726,9779.773757156378,1,0.0,1,15.062649552334006,0
775.593428640082,40.98951842835121,15.208715450516294,25772.94730743951,6805.141468520936,22,2.0,2,158.06300821949577,1
163.68826319950975,35.22653079826355,6.37221828435001,2142.896292005554,3014.0432906740552,1,1.0,1,26.429481355505636,0
96.6227182689986,2932.0474221935146,4.586017003835979,280273.0967606198,7355.769268169206,1,4039.7069873798664,1,39.209869875783355,2
959.520148716944,46.77846394450152,21.860291559941505,31609.276527576498,8249.239046515147,10,2.0,0,239.00910872237503,1
83.81729019000704,34.09701997768978,2.6540412518659733,1240.355799137686,1696.6499329997341,2,0.0,0,33.184505824528785,0
316.3597449672061,33.45760959477744,1.9865288020342056,4178.64943173038,6808.881644887739,1,1.0,1,31.482722082154496,0
364.2840529275916,8.449262383291876,1.4367709909282298,1051.6620208602715,1901.984022004524,1,0.0,0,14.608945611798,3
650.7996749497985,7.649830793333894,1.3114349640835317,1752.6393432381262,3161.1898115024333,1,0.0,0,36.60009269956625,3
87.33264524189363,2242.0110101979335,4.977724010171054,186310.73980578966,3228.9311924435883,1,671.1330729890715,1,89.81386006091695,2
63.391281907819234,3821.226570143709,3.941746375568745,233061.4936452317,5768.465232294612,1,4190.2896196232,0,46.41805255960894,2
434.3985480834888,14.98308026393673,0.3079605105663048,1358.429718271343,4187.986521073203,0,0.0,0,13.611999000438638,3
49.32823731430406,2471.148341922254,1.1017885731801562,118936.48492224867,5571.89342185466,1,2340.8264726264615,0,51.91931759481348,2
962.3612137071729,38.70390020067142,2.241332072569848,26221.779553343047,8094.5597498199895,23,1.0,1,245.11971602582227,1
